duration,severity,affected,magnitude,dead
33,2,36750.19,6.4,3
26,1.5,6147.67,5.4,40
37,1.5,103769.52,6.8,112
15,1,66654.94,6,0
37,2,574056.99,7.6,12
23,2,526834.76,7.4,31
14,1,11409.69,5.2,1
10,1.5,6371.38,5,0
9,1,439381.83,6.6,14
10,1,402659.81,6.6,1
25,2,93202.05,6.7,180
6,1,56237.12,5.5,0
8,1,129124.64,6,1
7,1.5,4639.41,4.7,0
5,1.5,8231.84,4.8,0
14,1,438557.45,6.8,0
13,1,92984.74,6.1,0
6,1.5,1432949.6,7.1,0
15,2,392899.19,7.1,0
7,2,80271.75,6.1,54
2,1.5,441.218,3.1,0
12,1,837.216,4,0
2,2,6023.19,4.4,500
5,1.5,2895.95,4.3,16
13,2,61355.23,6.2,15
13,1.5,186816.02,6.6,30
5,1,192886.73,6,2
3,2,52859.22,5.5,3
26,1.5,686734.83,7.4,4
10,1,133852.96,6.1,3
3,1.5,63707.6,5.5,0
30,1,69190.14,6.3,5
4,1,9791.46,4.6,7
4,1.5,53741.01,5.5,8
11,1,22455.5,5.4,4
3,1,5957.41,4.3,4
36,2,296423.97,7.3,88
36,2,629961.61,7.7,206
12,1.5,28652.69,5.7,0
12,2,24336.74,5.8,20
5,1.5,109391.2,5.9,0
10,1,16151.08,5.2,4
8,1,776608.3,6.8,20
12,1,690931.31,6.9,3
6,1.5,30931.23,5.4,0
4,1.5,44261.07,5.4,3
7,1.5,56196.01,5.8,0
36,1.5,137039.96,6.9,166
8,1,4726.19,4.6,0
5,1.5,73485.14,5.7,10
9,1.5,16754.38,5.4,0
6,1.5,6346.62,4.8,7
3,1,161572.75,5.7,2
5,1.5,5567.64,4.6,1
6,1.5,43781.56,5.6,81
8,1.5,8948.6,5,0
6,1.5,12508.17,5.1,0
6,1,12034.28,4.9,40
3,1.5,13022.99,4.8,12
14,1.5,266950.09,6.7,150
28,1.5,60437.23,6.4,3
19,1,242622.13,6.7,0
9,1,19785.35,5.3,1
11,1,32595.44,5.6,0
5,1.5,224189.77,6.2,0
15,1.5,194128.66,6.6,12
9,1.5,7484.07,5,1
56,2,849464.57,8,38
5,1,14179.41,4.9,8
21,2,140968.57,6.8,58
48,1.5,247569.94,7.3,57
6,1.5,20432.58,5.3,13
2,2,192631.23,5.9,5
32,1.5,450353.51,7.3,5
3,1.5,21148.15,5,44
9,2,175487.07,6.5,4
3,1,3672.34,4,6
24,1,213897.13,6.7,0
42,1.5,68755.39,6.6,0
12,1.5,145834.77,6.4,0
12,1.5,70287.98,6.1,44
15,2,154773.16,6.7,27
52,1,173696.63,7,0
11,1.5,32934.83,5.7,13
9,1.5,168905.06,6.4,0
21,1.5,40007.02,6.1,38
15,1.5,10252.79,5.4,0
15,1.5,12133.31,5.4,60
9,1,7001.53,4.8,0
14,1.5,56870.12,6.1,0
11,1,60978.86,5.8,0
10,1.5,349365.45,6.7,7
5,1,11588.13,4.8,0
3,1.5,445272.72,6.3,0
5,1.5,487370.75,6.6,0
36,1.5,277594.75,7.2,0
5,1.5,122203.01,6,0
5,1,18063.44,5,0
9,1.5,151104.52,6.3,3
36,1.5,137629.71,6.9,23
40,2,485939.39,7.6,276
7,1.5,1519623.45,7.2,1
23,1.5,63967.39,6.3,53
13,2,90680.38,6.4,34
13,1.5,50316.81,6,39
50,1.5,406009.51,7.5,44
4,1,70255.56,5.4,3
5,1,199807.2,6,0
11,1.5,147616.57,6.4,40
10,1.5,2861.66,4.6,0
7,1.5,123269.25,6.1,5
5,1,202666.27,6,0
12,2,273693.63,6.8,40
10,1,31653.08,5.5,0
5,1.5,36733.48,5.4,5
3,1,57442.62,5.2,0
4,1.5,36709.07,5.3,5
3,1,4855.4,4.2,0
24,1.5,42635.81,6.2,0
6,1,115476.31,5.8,5
4,1,7566.97,4.5,1
16,1.5,376261.49,7,42
10,1.5,187176.03,6.4,6
13,1,388189.52,6.7,4
2,1,8447.1,4.2,0
13,1.5,221816.02,6.6,24
3,1.5,79061.87,5.6,1
2,1,6229.19,4.1,1
8,1,781320.47,6.8,4
8,1,31695.74,5.4,0
23,1.5,30855.03,6,5
18,1.5,61894.97,6.2,59
9,1,3365.71,4.5,1
21,1,143087.31,6.5,7
8,1.5,55272.31,5.8,44
8,1,34449.25,5.4,0
4,1,7804.96,4.5,3
12,1.5,35508.04,5.8,5
18,1,22658.51,5.6,9
16,1,13399.5,5.3,0
41,2,253686.93,7.3,300
20,1.5,35999.91,6,17
10,2,11462.27,5.4,1
25,1,44290.91,6,1
7,1,350748.91,6.4,12
26,1.5,62650.8,6.4,0
9,1,65176.82,5.8,2
9,1.5,387775.13,6.7,27
29,1.5,107474.39,6.7,31
28,1.5,55212.66,6.4,180
4,2,76116.81,5.8,3
10,1.5,51770.21,5.9,4
12,2,82764.22,6.3,46
8,2,224475.55,6.6,0
10,1,189576.05,6.3,6
51,1.5,641087.55,7.7,77
27,2,44866.46,6.4,10
14,1.5,11578.77,5.4,16
2,1.5,217.529,2.8,0
4,1,2950.82,4.1,0
69,2,256564.57,7.5,0
8,1.5,137141.28,6.2,0
10,1,8581.24,4.9,0
4,1,15921.63,4.8,0
21,1,377101.63,6.9,14
3,1,49220.53,5.2,0
9,1,15356.31,5.1,0
35,2,418317.13,7.5,0
7,2,24415.42,5.5,12
42,2,554605.25,7.7,9
7,1.5,1829701.35,7.3,70
10,1.5,113685.43,6.2,22
10,1.5,305525.25,6.7,37
12,1,45994.3,5.7,6
7,1.5,10337.47,5,5
8,1.5,44203.93,5.7,0
5,2,205001.27,6.3,1
7,1.5,41719.46,5.6,0
9,1.5,11256.33,5.2,2
7,1,22249.34,5.2,0
5,2,115747.69,6.1,3
15,1.5,87430.69,6.3,0
14,1.5,18498.39,5.6,41
27,1.5,83722.34,6.5,123
2,2,260469.81,6,1
8,1.5,82418.56,6,2
8,1.5,69876.78,5.9,0
8,2,5480.75,4.9,23
30,1.5,1037639.19,7.7,37
7,1.5,250162.12,6.4,1
6,1.5,53220.79,5.7,0
58,1,17205.64,6,0
14,1,6829.57,5,0
20,2,3237.42,5.1,69
8,2,1015.84,4.2,0
8,1.5,34.8366,2.6,0
15,1,481907.88,6.9,4
19,1.5,82989.45,6.4,4
31,1.5,35769.22,6.2,23
6,1,426979.84,6.4,0
24,1.5,72462.23,6.4,0
24,1.5,142586.1,6.7,0
112,2,381576.65,7.9,60
4,1,74144.66,5.5,0
14,1,16069.91,5.4,5
10,1,830.232,3.9,11
13,2,314284.91,6.9,45
7,1,22524.63,5.2,0
43,1.5,126149.79,6.9,0
19,1.5,38676.71,6,23
8,1,7627.3,4.8,2
36,1,65791.14,6.4,0
8,1.5,106697.53,6.1,1
4,2,51279.6,5.6,8
12,1.5,181848.02,6.5,100
2,1.5,361386.84,6,15
6,1.5,48985.15,5.6,41
2,2,15699.75,4.8,18
11,2,38936.39,5.9,4
12,2,32476.99,5.9,2000
17,1,111000.43,6.3,0
30,1.5,102661.14,6.7,7
4,1.5,253520.53,6.2,0
8,1.5,31023.66,5.6,0
7,1.5,41577.16,5.6,6
7,1,172574.26,6.1,0
3,2,54531.07,5.5,13
15,1.5,312091,6.8,42
3,2,246385.23,6.2,27
18,1.5,52283.25,6.1,122
9,2,100404.04,6.3,10
7,1.5,178191.77,6.3,0
6,2,7171.77,4.9,8
7,1.5,98182.91,6,40
4,1.5,93531.74,5.7,80
9,2,50412.4,6,8
69,2,1430155.56,8.3,100
15,1.5,462763.09,7,70
14,1.5,125250.85,6.4,1
3,1.5,123143.44,5.7,2
7,2,102479.27,6.2,0
7,1.5,549425.38,6.8,135
21,1.5,1004638.92,7.5,11
3,1,9047.26,4.4,0
12,1.5,131222.52,6.4,0
6,1,21695.38,5.1,2
5,1.5,112220.53,5.9,0
3,1.5,101850.92,5.7,1
11,1.5,419827.15,6.8,200
5,1,32196.91,5.2,0
23,2,38019.26,6.2,80
8,2,307926.47,6.7,3
8,1,152700.5,6.1,0
4,1.5,42497.49,5.4,0
16,1.5,131743.41,6.5,5748
10,1.5,170079.48,6.4,5
22,2,241203.7,7,8
7,1.5,28071.86,5.5,0
10,1,123500.44,6.1,0
4,2,33907.85,5.4,3
3,1,125894.94,5.6,0
4,1,17254.01,4.8,7
17,1.5,84761.74,6.3,55
3,1.5,72847.78,5.5,19
16,2,243476.26,6.9,7
11,1,17152.64,5.3,0
11,1,630162.34,6.8,0
7,1,14653.47,5,13
3,1,43180.94,5.1,0
8,1.5,493136.77,6.8,5
22,1,814307.06,7.3,0
25,1,27293.22,5.8,0
29,1,3304.87,5,0
7,2,18135.4,5.4,59
4,1.5,1679.67,4,11
10,1.5,215662.54,6.5,0
33,1.5,73170.41,6.6,63
4,1.5,53241.03,5.5,2
8,1.5,740437.68,6.9,0
4,1,2985.69,4.1,0
9,1,5910.43,4.7,1
5,1,12282.15,4.8,0
17,1,100905.17,6.2,0
8,1,3700.4,4.5,1
8,1,9339.75,4.9,0
8,1,240506.1,6.3,2
23,1,30584.22,5.8,0
13,1.5,4201.51,4.9,0
13,1,2432.33,4.5,4
3,1,28873.67,4.9,17
3,1,21653.62,4.8,0
74,1,245461.58,7.3,0
5,2,577782.56,6.8,31
18,1.5,198590.48,6.7,0
6,1.5,451.786,3.6,0
11,1.5,1021219.24,7.2,6
47,1.5,83155.21,6.8,135
5,1,71113.05,5.6,20
69,1,20095.7,6.1,3
10,2,1746.34,4.5,32
3,1.5,29142.93,5.1,2
10,1.5,26063.39,5.6,52
7,1.5,318648.95,6.5,0
7,1,51781.98,5.6,0
8,1,6143.56,4.7,0
8,1,29317.81,5.4,0
8,1,67600.2,5.7,8
5,1.5,5668.01,4.6,4
3,1,21010.51,4.8,3
3,1.5,49084.64,5.3,9
29,1,106806.88,6.5,4
4,1,31978.97,5.1,0
15,1.5,377212.55,6.9,6
3,1,15306.67,4.7,1
1,2,68024.32,5.1,74
8,1.5,66842.9,5.9,4
6,1,12226.85,4.9,0
5,1,55785.44,5.4,0
5,2,126082.83,6.1,40
6,2,158124.44,6.3,30
6,1.5,14489.12,5.1,12
5,1.5,1592.26,4.1,0
6,2,293995.06,6.5,65
7,1.5,10482.16,5,7
31,1,86061.68,6.4,0
31,1,121035.65,6.6,91
4,1.5,11490.12,4.8,7
12,1.5,13753.99,5.4,6
27,1,138743.9,6.6,15
4,1,8507,4.5,0
7,1,8846.21,4.8,0
45,2,12538.4,6.1,148
27,2,42597.57,6.4,21
10,1.5,56959.95,5.9,7
15,1,44011.3,5.8,0
50,1.5,23036.11,6.2,400
3,2,37710.76,5.4,45
6,1,4747.33,4.5,0
24,1,18459.66,5.6,0
19,1,57981.45,6,0
22,1.5,24179.42,5.9,59
6,1,16825.58,5,6
11,1.5,83938.23,6.1,1
33,1.5,96830.55,6.7,127
5,1.5,45130.63,5.5,6
7,1.5,98264.36,6,26
5,1.5,4904.1,4.6,19
6,1.5,48922.93,5.6,10
6,1.5,79242.7,5.9,4
46,1,219814.61,7,0
9,1.5,10669.97,5.2,3
29,1.5,456058.52,7.3,32
33,1.5,75976.73,6.6,52
5,1,29689.98,5.2,1
7,1,107983.97,5.9,13
5,1.5,16652.25,5.1,0
4,2,9559.89,4.9,2
3,1,4260.88,4.1,0
3,1.5,89290.09,5.6,5
4,1,35689.54,5.2,0
3,1.5,31390.53,5.2,30
6,1.5,100600.98,6,0
3,1,20820.98,4.8,1
10,1.5,59723.23,6,3
18,2,33081.58,6.1,169
4,1.5,45292.27,5.4,50
3,1.5,9576.58,4.6,8
4,1,8218.79,4.5,0
5,1,19591.01,5,0
5,2,29832.3,5.5,77
17,1.5,92141.11,6.4,58
4,1.5,24530.67,5.2,0
13,2,7922.95,5.3,28
2,1.5,9902.76,4.5,0
20,1,2638.64,4.7,9
7,1.5,6084.92,4.8,10
11,2,18552.42,5.6,171
11,1.5,2643786.56,7.6,50
4,1.5,71504.75,5.6,0
7,1.5,213387.37,6.4,1
9,1.5,9560.29,5.1,106
11,2,67994.98,6.2,3
4,1.5,20116.97,5.1,1
4,1.5,18940.52,5.1,4
5,1,23515.69,5.1,1
41,1.5,29190.16,6.3,109
7,1,673741.48,6.7,0
8,1,6519.13,4.7,0
10,1.5,22717.12,5.5,0
10,1,43315.84,5.6,0
5,1,14162.67,4.9,20
5,1,15849.06,4.9,5
4,1,45092.49,5.3,0
9,1.5,1056107.69,7.2,53
7,2,127883.42,6.3,0
7,1.5,21754.66,5.4,26
3,2,4395.45,4.4,17
7,1.5,74036.01,5.9,17
27,1.5,12660.17,5.7,56
5,1.5,233126.25,6.2,19
22,1.5,120344.81,6.6,2
10,1,43617.54,5.6,2
18,1,117773.22,6.3,0
19,1,681012.64,7.1,0
19,1.5,35151.93,6,9
5,1,5045.75,4.4,4
6,1.5,5440.53,4.7,0
21,2,5579.97,5.4,6
15,1.5,88870.6,6.3,0
26,1.5,39793.06,6.2,10
5,1.5,566733.66,6.6,65
7,1,6851.66,4.7,10
4,1,4597.04,4.3,5
4,1,594.251,3.4,0
4,1.5,2046.16,4.1,0
3,1.5,41623.96,5.3,3
36,2,172063.87,7.1,3
8,1,194382.95,6.2,0
8,1,50438.09,5.6,5
8,1,39825.28,5.5,0
3,1,12053.82,4.6,0
3,1.5,869.906,3.6,0
4,1,9251,4.6,1
6,1.5,47136.84,5.6,5
3,1.5,7754.36,4.5,6
46,2,761154.11,7.8,2
16,1.5,4927.68,5.1,8
29,1.5,269445.71,7.1,37
26,1,45582.67,6.1,0
9,1,416574.71,6.6,8
9,1,11666.14,5,0
18,1,2457.47,4.6,10
6,1,2560.88,4.2,0
3,2,5900.64,4.5,13
6,1,20021.76,5.1,0
7,2,23573.86,5.5,957
5,2,3888.1,4.6,0
6,1,1254.06,3.9,0
24,1.5,9789.33,5.5,24
6,1.5,15384.57,5.1,6
26,1,45037.95,6.1,1
4,1,11294.19,4.7,0
6,1.5,3076.39,4.4,0
44,2,57194.3,6.7,486
42,1.5,22324.63,6.1,0
7,1.5,41010.11,5.6,4
7,2,4696.07,4.8,7
4,1,9829.52,4.6,14
23,2,311970.53,7.2,120
3,1,32113.08,5,3
2,1,288785.08,5.8,10
10,1.5,24302.22,5.6,0
5,2,18520.07,5.3,1
28,1.5,27751.69,6.1,40
12,1,21720.21,5.4,0
20,1.5,33056.09,6,0
20,1.5,37846.35,6.1,31
30,1.5,74520.09,6.5,7
18,2,252912.89,7,20
14,1.5,20013.55,5.6,20
5,2,47599.43,5.7,71
39,1.5,1215861.78,7.9,22
82,1.5,32667.16,6.6,434
25,1.5,50117.38,6.3,7
25,1.5,20554.78,5.9,8
49,2,40941.51,6.6,158
98,2,13466.62,6.4,264
35,2,28684.15,6.3,47
5,1,27920.61,5.1,6
158,2,96785.77,7.5,790
4,1.5,26044.85,5.2,2
7,1.5,28022.38,5.5,3
14,2,17840.77,5.7,53
7,1.5,129795.35,6.1,10
18,1.5,85509.51,6.4,19
8,1,55103.28,5.6,6
9,1.5,19191.59,5.4,6
12,1.5,1341347.09,7.4,6
8,1,15700.01,5.1,3
8,1,200669.11,6.2,10
8,1.5,103000.35,6.1,13
21,1.5,46388.45,6.2,15
6,1.5,185791.33,6.2,11
5,1.5,43197.43,5.5,4
22,1,27203.38,5.8,0
22,1,42377.33,6,0
7,1.5,36797.7,5.6,6
17,2,16000.97,5.7,0
15,1,189593.05,6.5,0
2,1.5,6361.93,4.3,25
7,1,14448.97,5,0
7,1.5,115468.68,6.1,0
6,1.5,31965.46,5.5,0
4,1,26865.71,5,4
4,1,41239.79,5.2,5
11,1,98203.33,6,0
6,1,56089.63,5.5,0
12,1.5,236086.96,6.6,464
29,2,431896.52,7.4,175
17,1.5,71700.83,6.3,15
36,1,5634.34,5.3,0
4,1,191002.27,5.9,4
10,1,1115.2,4,23
13,1,20807.38,5.4,4
56,1.5,23537.98,6.3,0
2,1,5465.46,4,0
31,2,171530.74,7,1
37,2,5274.09,5.6,0
4,1.5,3179.22,4.3,10
4,1.5,288020.18,6.2,2
40,2,239421.33,7.3,1
3,1,9766.63,4.5,0
11,1,37648.86,5.6,6
49,1,270433.59,7.1,0
5,1,306993.58,6.2,12
3,1,7088.55,4.3,5
41,1.5,137262.92,6.9,8
8,1,211220.92,6.2,3
19,1.5,213195.15,6.8,0
10,1.5,17351.66,5.4,18
419,2,46208.32,7.6,5
36,1.5,102874.48,6.7,62
2,1,31580.94,4.8,0
2,1,23979.38,4.7,0
19,2,33575.43,6.1,59
2,1.5,7361.19,4.3,0
7,2,4650.1,4.8,0
5,2,114051.18,6.1,0
18,1,47808.61,5.9,0
7,1.5,124445.34,6.1,10
5,1.5,25963.78,5.3,9
2,1,2306.7,3.7,3
1,2,4766.62,4,10000
22,1,457221.41,7,1
22,1.5,1163517.11,7.6,1
2,1.5,41506.24,5.1,12
3,1.5,4197.8,4.3,0
13,1.5,122139.84,6.4,3
17,1,135202.5,6.4,0
16,1,36529.58,5.8,0
7,1,63337.57,5.6,25
16,1,19634.43,5.5,26
4,1.5,44521.72,5.4,11
14,1.5,19891.49,5.6,14
2,1,85174.87,5.2,31
4,1.5,62167.77,5.6,2
7,1.5,3623.61,4.6,0
4,1.5,12401.11,4.9,0
6,1.5,30361.71,5.4,10
3,1,10402.99,4.5,0
4,1,17419.69,4.8,0
14,2,22133.29,5.8,23
35,1.5,134636.07,6.8,50
18,2,587384.59,7.3,665
18,2,10773.79,5.6,53
42,2,911256.21,7.9,35
12,1.5,175962.13,6.5,0
10,1.5,355567.84,6.7,0
7,1.5,19018.8,5.3,0
5,1,23546.82,5.1,0
10,1.5,23750.6,5.6,10
5,1,22049.53,5,0
23,1.5,57474.5,6.3,170
15,1,27315.31,5.6,1
17,2,101737.38,6.5,3
26,1.5,180760.53,6.8,30
2,2,70791.19,5.5,30
24,2,832001.36,7.6,5
26,2,45583.59,6.4,143
36,1.5,1140146.22,7.8,250
5,1.5,8727.83,4.8,0
4,1.5,8458.94,4.7,3
7,1.5,4567.71,4.7,0
4,2,18725.85,5.2,0
17,1.5,11880.4,5.5,2
4,1,23685.01,5,15
5,1,44792.72,5.4,0
6,1.5,39742.27,5.6,0
36,1.5,8249.26,5.6,0
5,1.5,10440.04,4.9,17
7,1,33659.75,5.4,18
4,1.5,15301.91,5,9
37,2,3873.76,5.5,206
4,1.5,24954,5.2,0
4,1.5,7522.87,4.7,13
5,1,21254.7,5,0
7,1.5,109613.58,6.1,112
12,1.5,29265.76,5.7,15
4,1.5,4896.01,4.5,0
65,1.5,26788.65,6.4,272
9,2,3978.3,4.9,0
6,1,23269.99,5.1,0
11,1.5,11136.58,5.3,149
5,1.5,31988.88,5.4,84
11,1.5,6786.59,5,5
5,1.5,3303.97,4.4,0
11,1.5,14080.23,5.4,2
9,2,3873.19,4.8,0
13,2,98327.2,6.4,19
4,2,45780.38,5.6,0
3,2,6726.25,4.6,0
3,1,11289.64,4.5,0
13,1.5,38537.96,5.9,88
22,1.5,7364.9,5.4,0
18,1.5,8694.6,5.4,40
34,1.5,38021.99,6.3,24
13,1.5,12555.81,5.4,1
17,1.5,15951.54,5.6,0
5,1,15031.48,4.9,8
24,1,10843.63,5.4,0
3,1.5,11046.27,4.7,0
15,2,7093.05,5.3,0
53,2,14761.29,6.2,100
51,1.5,58589.17,6.7,0
7,1.5,305.538,3.5,0
32,1,4327.09,5.1,0
41,2,619077.86,7.7,1
2,1,8257.4,4.2,1
13,1,51188.84,5.8,0
3,1.5,145020.41,5.8,150
16,1.5,442536.33,7,65
13,1.5,45883.94,6,15
8,1,176799.06,6.2,65
112,2,129691.63,7.5,1750
5,1,160792.23,5.9,14
3,1,346152.85,6,14
3,1,68318.98,5.3,8
12,2,1049485.12,7.4,1100
3,1,106460.15,5.5,21
1,1,132628.58,5.1,12
1,1,214908.29,5.3,1
3,1.5,10513.16,4.7,1
3,1.5,14176.85,4.8,60
4,1.5,34784.5,5.3,23
6,1.5,176263.75,6.2,15
14,1.5,68346.59,6.2,0
33,1.5,100438.85,6.7,33
3,1,192748.71,5.8,0
17,1.5,235548.21,6.8,0
2,1,78651.79,5.2,0
13,1,24987.26,5.5,0
15,1,575176.16,6.9,600
3,1,55999.09,5.2,7
8,1,396656.67,6.5,15
3,1,12206.49,4.6,0
11,1,147437.23,6.2,98
5,1.5,86589.82,5.8,0
6,1.5,34504.42,5.5,2
8,2,209024.88,6.5,6
3,1,15731.6,4.7,0
3,1,183842.33,5.7,12
3,1,1399.49,3.6,0
9,2,320129.49,6.8,50
3,1,9325.99,4.4,46
5,1,28641.6,5.2,46
21,2,56733.12,6.4,23
5,1,150908.11,5.9,30
12,1,94869.51,6.1,60
2,2,7699.78,4.5,19
3,1.5,6135.21,4.4,2
1,2,12234.56,4.4,20
2,1,59028.73,5.1,23
14,1,174970.1,6.4,0
4,1,22339.98,5,27
3,1,25787.99,4.9,0
7,2,25183.14,5.5,0
7,2,68697.09,6,172
7,1,63171.41,5.6,27
45,1.5,234212.72,7.2,379
43,1.5,23813.35,6.2,0
16,1,19207.85,5.5,20
10,2,121758.8,6.4,12
16,1,6706.99,5,0
17,1.5,196057.68,6.7,100
3,1,24518.72,4.9,0
3,1,23137.24,4.8,24
11,1,65810.91,5.9,70
2,1,38889.73,4.9,7
4,1,79123.97,5.5,30
17,1,103901.84,6.2,0
6,1,64627.58,5.6,0
2,1,19903.73,4.6,0
5,1,10657.92,4.7,0
4,2,13472.46,5,0
3,1,13989.57,4.6,0
2,1,50278.2,5,0
12,1,7062.71,4.9,104
4,1,15005.82,4.8,400
6,1,8862.8,4.7,4
5,1,79653.48,5.6,0
5,2,240301.51,6.4,0
6,1,187689.01,6.1,0
3,1,149970.68,5.7,0
3,1,16885.63,4.7,0
15,1,1015176.36,7.2,0
16,2,323846.84,7,43
31,1,274099.2,6.9,12
8,1,48982.93,5.6,0
58,1.5,40320.05,6.5,26
6,1,75196.57,5.7,0
3,1,57889.66,5.2,7
2,1,46896.64,5,0
11,1,104208.15,6.1,0
17,1,85511.58,6.2,0
18,2,431681.63,7.2,0
35,1,26372.46,6,2
3,1,3836.32,4.1,13
3,2,30834.35,5.3,48
2,1,98474.34,5.3,32
2,2,482.991,3.3,32
8,1,305772,6.4,0
4,2,311949.24,6.4,0
8,1,87346.16,5.8,0
2,2,20651.57,4.9,0
2,1,2791.39,3.7,0
6,2,105873.35,6.1,20
3,1,188865.22,5.8,2
19,1,122621.4,6.4,41
10,1,292808.94,6.5,0
5,1,44179.41,5.3,0
3,1,87777.03,5.4,0
4,1,72703.82,5.5,3
6,2,135281.63,6.2,20
19,1.5,55636.33,6.2,72
5,1.5,103982.65,5.9,3
2,1.5,226050.59,5.8,10
13,1,102220.84,6.1,5
3,1,23337.85,4.8,0
10,1.5,60173.47,6,0
13,1.5,301378.85,6.8,0
24,1,176698.68,6.6,21
10,2,210052.33,6.6,85
7,1,40932.75,5.5,0
4,1,149317.65,5.8,0
2,1,157481.42,5.5,5
3,1,167332.29,5.7,1
2,1,172579,5.5,0
3,1,15648.61,4.7,0
2,1,4708.95,4,3
4,1,314990.21,6.1,0
3,1,114601.3,5.5,116
7,1,37559.51,5.4,0
18,1.5,43485.41,6.1,12
2,1,919.901,3.3,0
2,1,15625.3,4.5,4
2,1.5,1051.3,3.5,0
17,2,106621.91,6.6,0
9,1,415044.91,6.6,0
2,1,39815.5,4.9,0
7,1,14486.49,5,0
4,1,194788.3,5.9,20
2,1,47896.55,5,3
4,1,468142.06,6.3,0
6,1.5,35725.31,5.5,70
2,1,63930.73,5.1,15
3,1,98552.75,5.5,0
3,2,5541.42,4.5,192
12,1.5,44315.33,5.9,0
3,1,14193.55,4.6,0
6,1.5,124931.91,6.1,0
3,1,163340.77,5.7,0
4,1,28284.26,5.1,1
9,1,197665.04,6.3,0
25,1,133560.04,6.5,0
7,1,53018.49,5.6,0
3,1,106325.83,5.5,0
9,2,129718.42,6.4,45
16,2,34498.77,6,438
18,2,309688.88,7,303
2,2,1227.06,3.7,22
1,2,207343.45,5.6,100
4,2,49034.16,5.6,182
7,2,25299.26,5.5,420
2,1,2459.28,3.7,0
4,1.5,47598.33,5.5,17
8,1.5,225395.01,6.4,8
10,2,33560.99,5.8,0
5,2,73811.61,5.9,0
2,2,47760.1,5.3,38
9,2,64200.98,6.1,0
5,2,25504.05,5.4,0
10,1,34563.01,5.5,0
10,2,36440.73,5.9,9
4,2,3687.1,4.5,31
24,1,81300.71,6.3,42
5,1,4814280.64,7.4,12
7,1,59848.91,5.6,5
7,1,13717.1,5,7
3,1,8510.69,4.4,0
10,1,72244.8,5.9,0
13,1,84897.57,6,14
2,1,4744.46,4,0
2,1,24950.18,4.7,10
3,1.5,30560.13,5.1,27
2,1,6534.85,4.1,0
2,1,11893.28,4.4,7
2,1.5,18366.88,4.7,12
4,2,24905.81,5.3,500
4,1.5,30538,5.3,0
2,1.5,24556.64,4.9,20
4,1.5,21198.81,5.1,0
11,1.5,36975.16,5.8,10
2,1,9640.54,4.3,0
3,1,18726.64,4.7,22
2,1,9646.51,4.3,28
10,1,201114.11,6.3,22
3,1,13171.48,4.6,0
3,1.5,11850.39,4.7,16
4,2,138925.64,6,26
2,1,3358.7,3.8,0
4,1,2765.43,4,0
3,1,10367.35,4.5,26
9,1,6060.99,4.7,0
3,1,47243.51,5.2,5
6,1,136568.23,5.9,0
7,1,63616.23,5.6,0
5,1,32700.21,5.2,11
3,1,51611.74,5.2,11
12,1,77546.62,6,5
,,,,
17,1,55064.21,0,0
6,1.5,542051.73,6.7,20
6,1,99876.58,5.8,0
4,1,128962.3,5.7,6
4,1,49031.89,5.3,20
53,1,69855.97,6.6,0
8,1.5,571677.32,6.8,13
6,1,47134.92,5.5,0
4,1,12251.46,4.7,0
4,1,127036.56,5.7,8
3,1,82900.06,5.4,0
3,1,33319.22,5,18
3,1,10724.02,4.5,5
2,1.5,9340.14,4.4,115
26,1.5,27819.11,6,21
7,1.5,13738.76,5.2,21
4,1.5,5754.23,4.5,0
3,1,62468.65,5.3,0
10,1.5,201149.89,6.5,0
3,1,68691.95,5.3,0
8,2,58894.07,6,0
6,1.5,16459.25,5.2,47
38,1.5,21367.43,6.1,0
23,2,484756.54,7.3,39
10,1.5,524373.36,6.9,5
11,1,6812.65,4.9,0
4,1,9797.19,4.6,0
25,1.5,11707.88,5.6,0
9,1,88516.93,5.9,0
4,2,20493.67,5.2,0
2,1.5,82061.7,5.4,0
58,2,56500.67,6.8,150
1,1,1148027.26,6.1,99
2,1,19203.9,4.6,0
28,2,44401.17,6.4,0
3,1,39742.02,5.1,1
19,1,15410.67,5.5,90
6,1,187933.27,6.1,0
8,1,29982.11,5.4,0
4,1,94116.41,5.6,5
15,1.5,56344.38,6.1,1
12,1,21570.89,5.4,0
16,1,167873.59,6.4,0
12,1,20487.47,5.4,0
3,1,7231.78,4.3,2
3,1,61811.59,5.3,1
3,1,85604.33,5.4,6
5,1.5,72654.16,5.7,0
5,1.5,109293.46,5.9,13
2,1.5,117999.31,5.5,0
2,1.5,47811.61,5.2,9
6,1.5,225551.03,6.3,0
11,1,76952.38,5.9,5
12,1.5,15152.49,5.4,24
3,2,188226.85,6.1,5
11,1,8472.93,5,0
6,1,52061.79,5.5,18
8,1,60608.98,5.7,3
2,1,207786.65,5.6,33
33,2,132806.58,6.9,0
12,1,477523.5,6.8,0
2,1,427405.5,5.9,5
8,1,17181.28,5.1,11
9,1,1186390.65,7,11
4,1,14541.8,4.8,11
4,1,19409.52,4.9,11
9,2,173199.93,6.5,11
12,1,7293.87,4.9,9
19,1.5,29579.28,5.9,0
22,1,35113.3,5.9,0
16,1.5,76573.83,6.3,0
11,1,776847.75,6.9,28
23,1,36190.07,5.9,25
18,1,125967.31,6.4,24
3,1,126659.3,5.6,0
3,1,66257.06,5.3,0
8,1,313350.84,6.4,0
31,1.5,39997.97,6.3,76
2,1,195388.17,5.6,2
5,1,21321.94,5,0
5,1,4904.87,4.4,0
8,1,5423.64,4.6,0
21,2,58097.15,6.4,21
10,2,15654.67,5.5,18
4,2,24107.57,5.3,0
3,2,2219.9,4.1,7
13,2,30824.19,5.9,61
12,2,103384.49,6.4,117
4,1,61388.9,5.4,0
4,1,105549.84,5.6,21
7,1,21766.04,5.2,6
4,1,36155.63,5.2,21
4,1.5,35294.06,5.3,0
2,1.5,183486.6,5.7,0
6,1,76453.89,5.7,0
5,1,25490.96,5.1,11
7,1.5,75156.68,5.9,2
3,1.5,37962.69,5.2,0
2,1.5,111938.61,5.5,0
8,2,74590.9,6.1,92
12,2,146720.71,6.5,28
2,2,133203.96,5.7,69
25,2,96385.8,6.7,110
2,1.5,39092.29,5.1,22
25,1.5,39424.59,6.2,3
3,1,45128.33,5.1,3
7,1.5,29937.67,5.5,2
6,1,11139.97,4.8,0
6,2,13945.83,5.2,9
4,1,81576.03,5.5,17
17,2,34761.7,6.1,65
6,2,17012.58,5.3,0
4,1,6852.64,4.4,0
2,1.5,16407.14,4.7,0
5,2,58984.46,5.8,41
24,1.5,165834.29,6.8,0
8,2,168134.51,6.4,49
8,2,464318,6.9,2400
3,1.5,1643.82,3.9,4
2,1.5,4834.08,4.2,0
5,1.5,652500.87,6.7,8
2,1.5,8574.06,4.4,3
2,1.5,26847.35,4.9,19
3,1.5,47366.17,5.3,0
3,1.5,127690.73,5.8,0
3,1.5,9851.07,4.6,0
3,1.5,25885.67,5.1,58
10,1.5,80590.45,6.1,900
10,1.5,59248.82,5.9,0
2,1.5,163438.25,5.7,0
3,1.5,33215.47,5.2,22
37,1.5,61817.44,6.5,0
9,1.5,69636.6,6,3
9,2,98478.89,6.2,12
38,2,163725.65,7.1,400
4,1.5,4187.8,4.4,0
2,1.5,385.02,3.1,0
3,1.5,37960.27,5.2,0
2,2,23128.5,5,0
10,2,219466.09,6.6,130
12,1.5,165918.21,6.5,37
3,1,136109.5,5.6,0
4,2,53271.24,5.6,1
7,1.5,75487.93,5.9,74
3,2,50044.62,5.5,100
4,2,8409.86,4.8,0
5,1.5,24614.95,5.3,20
3,1.5,27718.41,5.1,0
2,1,155555.33,5.5,0
2,2,7095.62,4.5,3
8,1,66956.68,5.7,0
7,1,178993.91,6.1,0
3,2,32493.08,5.3,35
2,2,9314.57,4.6,0
12,2,533930.15,7.1,0
2,2,52423.34,5.3,5
21,1.5,1089830.51,7.5,9
2,2,26208.26,5,0
2,2,160127.66,5.8,0
13,2,163705.55,6.6,0
2,2,61672.68,5.4,4
20,2,283806.15,7.1,142
9,2,55713.9,6,40
9,2,457328.35,6.9,1
1,1.5,161604.85,5.4,0
10,1.5,33620.26,5.7,0
1,2,17090.29,4.5,19
2,1,193742.15,5.6,3
6,1.5,76327.64,5.8,12
2,1,89287.24,5.3,1
5,1,75683.74,5.6,0
4,1,21016.71,4.9,0
10,1.5,426531.54,6.8,350
4,1,147151.67,5.8,0
4,1.5,373961.52,6.4,0
25,1,62356.11,6.2,0
4,1.5,47128.08,5.5,0
3,1,57410.55,5.2,0
8,1.5,40027.65,5.7,16
3,1.5,178346.08,5.9,1000
23,1.5,79368.52,6.4,65
16,2,350563.81,7,176
29,2,759750.43,7.6,0
6,1,33638.36,5.3,2
3,1,154307.03,5.7,3
8,1.5,40665.23,5.7,23
13,1,337703.28,6.6,13
5,1,62279.3,5.5,0
2,1,35530.63,4.9,0
#N/A,#N/A,#N/A,,#N/A
10,1,144704.15,6.2,64
9,1,110526.17,6,4
5,1,14848.59,4.9,37
14,1,595263.27,6.9,0
9,1,26746.42,5.4,1
2,1,5301.17,4,4
3,1,20668.51,4.8,7
20,1.5,81435.12,6.4,100000
4,1,43958.62,5.2,3
13,1.5,25489.82,5.7,0
7,1,4935.68,4.5,9
6,1,3178.36,4.3,0
4,1,998.581,3.6,0
5,1,4197.22,4.3,0
4,1,20737.17,4.9,0
36,1,15130.83,5.7,0
3,1.5,236.539,3,0
15,1.5,22895.95,5.7,0
24,1,1126557.79,7.4,36
6,1,3971.84,4.4,3
20,1,50222.63,6,1
25,1,80094.9,6.3,0
14,1,21278.67,5.5,2
8,1,144329.28,6.1,37
47,1.5,928709.92,7.8,18
20,1,43223.16,5.9,8
5,1,3994.26,4.3,5
30,1.5,64010.29,6.5,0
10,1,36069.76,5.6,0
34,1,16854.48,5.8,3
3,1,23601.1,4.9,4
17,1,108379.15,6.3,0
23,1,51582.18,6.1,1
20,1,10584.71,5.3,11
25,1,17161.6,5.6,0
18,1,371875.01,6.8,93
30,1,41665.93,6.1,54
83,1,438919.74,7.6,4
30,1,10434.86,5.5,0
14,2,44348.71,6.1,2
5,1,403.386,3.3,14
7,1.5,118976.95,6.1,0
94,1,709143.74,7.8,26
6,1,291.287,3.2,9
6,1,377.907,3.4,3
84,1.5,164248.45,7.3,42
93,2,75830.05,7.1,51
5,1,814.734,3.6,3
75,1,88120.94,6.8,0
9,1,72005.68,5.8,1
12,2,55862.29,6.1,0
8,1,18278.94,5.2,5
19,2,649465.5,7.4,0
15,1,23022.69,5.5,4
8,1.5,102262.86,6.1,5
10,1,1917.83,4.3,0
5,1,551.192,3.4,0
7,1.5,41557.41,5.6,1
5,1,2178.65,4,0
5,1,672970.42,6.5,1
10,1.5,50689.87,5.9,153
5,1,8855.7,4.6,1
10,1,200535.14,6.3,0
14,1,972453.79,7.1,8
15,1,100497.28,6.2,24
8,1,1187.69,4,0
17,1,7953.55,5.1,0
24,1,354570.25,6.9,3
22,1,13373.77,5.5,3
4,1,6215.98,4.4,4
7,1,34786.19,5.4,36
22,1,82566.02,6.3,32
17,1,285390.73,6.7,0
5,1,41684.03,5.3,2
26,1,6077.69,5.2,0
6,1,9141.36,4.7,0
9,1,21397.07,5.3,15
8,1,33589.73,5.4,29
8,1,33387,5.4,2
10,1,1630.54,4.2,0
6,1,11139.89,4.8,13
17,1,52765.34,6,5
4,1,552.247,3.3,4
17,1,31641.92,5.7,3447
15,1,12652.21,5.3,170
12,1,36817.56,5.6,55
2,1,314.839,2.8,3
3,1,25809.14,4.9,7
4,1,102132.16,5.6,4
35,1.5,35809.25,6.3,19
13,1,35110.03,5.7,70
14,1,89895.55,6.1,142
6,1,76740.36,5.7,29
7,1,4597.66,4.5,20
5,1,349.494,3.2,0
7,1,1949.71,4.1,30
4,1,734.173,3.5,6
71,1,297814.6,7.3,90
9,1,13138.96,5.1,2
28,1,46469.24,6.1,3
14,1,45794.13,5.8,0
8,1.5,10886.11,5.1,2
11,1,24811.52,5.4,15
4,1,6546.83,4.4,13
15,1,82170.14,6.1,37
7,1,5461.08,4.6,3
11,1,35310.52,5.6,45
5,1,34614.65,5.2,18
2,1,360162.61,5.9,5
14,1.5,60980.7,6.1,96
4,1,51992.31,5.3,5
9,1,127363.09,6.1,4
4,1,78593.54,5.5,18
7,1,11460.14,4.9,0
17,1,72007.74,6.1,80
3,1,2295.17,3.8,3
3,1,8410.45,4.4,6
9,1,37903.17,5.5,4
22,1,90279.71,6.3,94
4,1,7590.44,4.5,13
9,1,1163.19,4,20
67,1,299972.46,7.3,10
5,1.5,66614.41,5.7,0
7,1,26859.73,5.3,7
4,1,932.667,3.6,3
9,1,152397.91,6.1,102
34,1,13305.25,5.7,4
3,1,5688.89,4.2,4
3,1,4380.35,4.1,7
21,1,167997.63,6.5,1
38,1,454774.59,7.2,12
3,1,32267.84,5,2
5,1.5,2336.59,4.2,0
6,1,32590.67,5.3,17
27,1,165109.47,6.6,50
5,1.5,16270.5,5.1,0
8,1.5,460403.43,6.7,42
8,1,2562.43,4.3,25
12,1.5,1216616.2,7.3,26
78,1.5,107797.14,7.1,52
52,1,257818.93,7.1,2
15,1.5,61577.29,6.1,2
7,1,23497.35,5.2,3
77,1.5,1695464.52,8.3,153
3,1,16541.18,4.7,22
6,1,191449.95,6.1,76
12,1,2710.34,4.5,2
4,1,190121.71,5.9,35
4,1,100076.79,5.6,26
8,1,133805.7,6,12
18,1,31599.74,5.8,454
5,1,22713.41,5.1,0
6,1,4112.57,4.4,11
5,1,30941.98,5.2,2
5,1.5,432.859,3.5,1
14,1,1275.81,4.3,0
30,1,9447.72,5.5,2
4,1,13953.52,4.7,8
79,1,630120.85,7.7,101
25,1,15363.99,5.6,15
15,1.5,98228.2,6.3,74
15,1,5268.18,4.9,6
3,1.5,617.691,3.4,0
69,1,714220.19,7.7,17
5,1,2435.09,4.1,0
7,1,20096.5,5.1,0
72,1,56920.81,6.6,185
25,1,20811.95,5.7,0
9,1,2399.1,4.3,15
2,1,123.795,2.4,4
4,1,7806.81,4.5,0
2,1,2114.19,3.6,11
10,1.5,24651.23,5.6,7
87,1,150899.96,7.1,1071
14,1,4610.17,4.8,107
27,1,165133.85,6.6,170
5,1,96491.19,5.7,40
21,1,812726.21,7.2,29
5,1,24124.3,5.1,44
3,1,4112.52,4.1,9
4,1,37729.72,5.2,5
91,1,103551.73,7,96
4,1.5,13659.31,4.9,0
6,1,19512.28,5.1,0
27,1,119073.57,6.5,0
9,1,2673.23,4.4,2
98,1,1590906.98,8.2,150
82,1.5,517303.2,7.8,958
76,1,69988.11,6.7,43
13,1,398939.17,6.7,225
6,1,106578.44,5.8,62
14,1,248438.85,6.5,29
3,1,4852.46,4.2,3
25,1,29411.27,5.9,130
3,1.5,10410.86,4.7,12
8,1.5,40946.27,5.7,1
28,1.5,507778.21,7.3,8
25,1,115766.52,6.5,280
5,1,262.576,3.1,0
9,1.5,27719.5,5.6,6
10,1,62335.91,5.8,113
3,1,2215.04,3.8,230
13,1,450564.36,6.8,127
2,1,6498.35,4.1,2
3,1,2850.65,3.9,0
9,1,74887.52,5.8,15
5,1,1190.2,3.8,1
6,1,34567.94,5.3,10
5,1,12117.23,4.8,22
4,1,2704.51,4,0
7,1,23106.13,5.2,1
10,1.5,9088.14,5.1,0
14,1,77805.48,6,126
1,1,913.758,3,3
6,1.5,11377.07,5,9
73,1.5,1916283.71,8.3,600
7,1,372988.5,6.4,61
9,1.5,204993.53,6.4,0
6,1,168579.76,6,0
2,1,4514.95,4,4
5,1,13536.47,4.8,11
6,1,38494.75,5.4,13
3,1,15430,4.7,2
3,1,3174.16,4,1
16,1,34006.05,5.7,2
3,1,43534.36,5.1,43
6,1,341278.41,6.3,6
4,1,212702.28,5.9,1
22,1,34345.89,5.9,4
40,1,29773.22,6.1,14
2,1,3206.71,3.8,3
31,1,13866.05,5.6,5
5,1,15491.94,4.9,34
34,1,427668.3,7.2,0
32,1,378031.54,7.1,0
2,1,319.734,2.8,4
11,1,38377.29,5.6,0
7,1,3358.16,4.4,2
22,1.5,104127.85,6.5,2
13,1,642775.91,6.9,2
3,1,25847.23,4.9,12
6,1,15666.7,5,5
6,1,3336.9,4.3,16
7,1,5387.26,4.6,1
25,1,40326.99,6,0
3,1,1918.98,3.8,3
3,1,2902.47,3.9,2
7,1,1940.49,4.1,17
12,1,27490.25,5.5,36
2,1,9451.39,4.3,4
10,1,1102.54,4,0
3,1,940.378,3.5,0
9,1,17035.94,5.2,0
4,1,822.028,3.5,0
2,1,40765.63,4.9,6
5,1,66240.08,5.5,2
18,1,3192.6,4.8,0
7,1,109079.09,5.9,9
5,1,863.938,3.6,0
2,1,290.124,2.8,38
3,1,7109.82,4.3,15
29,1.5,94680.09,6.6,0
6,1,42036.42,5.4,1
3,1.5,4203.8,4.3,0
11,1,4699.06,4.7,11
39,1,517032.24,7.3,12
8,1,59874.59,5.7,36
12,1,68107.39,5.9,12
6,1,1823.21,4,0
19,1,656435.88,7.1,104
3,1,5759.2,4.2,2
12,1.5,131716.7,6.4,80
3,1,11015.63,4.5,2
4,1,2552.4,4,5
5,1,53227.22,5.4,3
5,1,11383.97,4.8,0
3,1,43137,5.1,5
15,1.5,184731.32,6.6,2
10,1,3222.43,4.5,43
27,1,438826.47,7.1,7
18,1,2552.4,4.7,1
15,1,1342.82,4.3,10
23,1.5,4366.7,5.2,80
62,1,518021.47,7.5,5
24,1,1256487,7.5,0
21,1,124921.44,6.4,38
50,1,259566.5,7.1,2
10,1,1596.31,4.2,81
5,1.5,661938.51,6.7,0
20,1,434387.22,6.9,24
112,1.5,801034.98,8.1,41
121,1,719319.21,7.9,11
22,1.5,26378.46,5.9,2
5,1,10964.12,4.7,18
3,1,378.372,3.1,26
15,1,44621.63,5.8,6
60,1,293439.41,7.2,4
19,1,61718.44,6.1,1
67,1,243408.04,7.2,46
12,1,210595.93,6.4,59
4,1,25391.02,5,7
18,1,1618.27,4.5,12
39,1,134599.05,6.7,6
14,1,16206.35,5.4,193
23,2,18297.71,5.9,16
4,1,6833.39,4.4,0
3,1,28938.65,4.9,5
9,1,45657.96,5.6,526
18,1,840.315,4.2,24
4,1,6318.74,4.4,7
3,1,2766.81,3.9,5
22,1,126509.25,6.4,0
10,1,17734.74,5.2,11
3,1,565.035,3.2,18
3,1,21502.28,4.8,50
5,1,4953.7,4.4,66
4,1,1071.67,3.6,8
3,1,1385.12,3.6,9
15,1,1223.99,4.3,7
6,1,57886.05,5.5,2
3,1,19956.32,4.8,20
3,1,23984.7,4.9,19
12,2,122344.52,6.5,46
60,2,504018.95,7.8,132
10,1,40094.93,5.6,47
26,1,6983.94,5.3,52
3,2,2299.58,4.1,1
4,1,54978.54,5.3,0
7,1,3683.47,4.4,1
13,1,16296.15,5.3,1
74,1,950041.45,7.8,150
18,1,155288.1,6.4,4
4,1,16765.77,4.8,0
12,1,12731.58,5.2,6
18,1,35644.75,5.8,4
26,1,174277.88,6.7,0
6,1,51559.62,5.5,0
5,2,17966.86,5.3,0
7,1,24766.33,5.2,16
35,1,187993.81,6.8,25
10,1,69819.97,5.8,260
4,1,26240.05,5,4
2,1,869.89,3.2,20
5,1,146006.3,5.9,13
18,1,606979.95,7,250
5,1,34788.84,5.2,4
3,1,44308.65,5.1,4
43,1,768805.99,7.5,52
28,1,28078.51,5.9,0
3,1,25147.77,4.9,5
6,1,4560.17,4.4,0
12,1,141449.13,6.2,39
2,1,16922.14,4.5,15
7,1,32712.75,5.4,42
48,1,37381.73,6.3,5
19,2,14865.98,5.8,60
6,1,123353.8,5.9,0
10,1,4902.34,4.7,3
116,2,213081.28,7.7,195
45,1,1485582.82,7.8,40
84,1,143296.13,7.1,68
22,1,124537.13,6.4,42
70,1,2109010.65,8.2,4
30,1,15925.76,5.7,364
4,1,191443.8,5.9,441
6,1,3845.15,4.4,0
4,1,4225.43,4.2,256
3,1,21839.56,4.8,6
5,1,162839.52,5.9,87
41,1,302774.27,7.1,185
12,1,3609.62,4.6,1
1,1,2748.04,3.4,12
4,1,2751.41,4,8
11,1,63167.25,5.8,35
47,2,681019.56,7.8,457
4,1,4721.61,4.3,1
2,1,363.573,2.9,0
5,1,350925.23,6.2,36
30,1,182706.86,6.7,248
5,1,6128.86,4.5,4
3,1,218.833,2.8,7
3,1,1851.09,3.7,4
2,1,1666.24,3.5,18
2,1,47887.9,5,24
3,1,724.352,3.3,0
4,1,1726.33,3.8,1
3,1,22757.9,4.8,0
9,1,55624.82,5.7,575
9,2,612225.68,7,629
7,1,5035.05,4.5,15
3,1,1391.75,3.6,0
10,1,154656.47,6.2,1
2,1,456.857,3,4
5,1,6984.07,4.5,23
3,1,634.81,3.3,4
5,1,20117.68,5,8
2,1,11616.12,4.4,0
12,1,16831.95,5.3,24
4,1,170055.89,5.8,24
4,1,393.774,3.2,9
6,1,31360.94,5.3,33
2,1,1429.8,3.5,22
2,1,1570.85,3.5,7
4,1,138195.36,5.7,20
2,1,599.603,3.1,2
3,1,69641.37,5.3,9
2,1,32.9631,1.8,8
4,1,1119.13,3.7,21
9,1,43706.28,5.6,30
11,1,109599.76,6.1,50
7,1,9984.92,4.8,4
2,1,11362.69,4.4,4
2,1,34991.37,4.8,25
5,1,23710.14,5.1,26
7,2,122594.39,6.2,11
41,1,506577.31,7.3,160
5,1,890.878,3.6,0
4,1,6787.66,4.4,2
7,1,5536.22,4.6,12
5,1,3091.85,4.2,291
3,1,7858.76,4.4,2
4,1,58065.33,5.4,2
5,1,11678.75,4.8,52
4,1,14311.41,4.8,1
8,1,4210.06,4.5,21
3,1,27577.82,4.9,0
9,1,274771.44,6.4,0
8,1,86843.55,5.8,0
58,1,85035.01,6.7,0
8,1,3213.02,4.4,0
55,1,185348.84,7,21
9,2,42686.92,5.9,32
11,2,76601.15,6.2,57
5,1,394010.74,6.3,41
1,2,5871.7,4.1,0
6,2,39986.1,5.7,0
8,1,107431.15,5.9,3
3,2,33213.17,5.3,6
4,1,17035.91,4.8,6
5,1,1943.12,4,7
12,1,2695.04,4.5,1
9,1,69157.08,5.8,1
21,2,78277.05,6.5,79
5,1,21480.76,5,9
5,1,141404.27,5.8,23
12,2,42910.99,6,1
9,1,12433.37,5,0
4,1,24930.1,5,41
25,1,175249.12,6.6,22
6,1,18313.13,5,14
7,1,77888.81,5.7,21
23,2,62043.81,6.5,3
2,1,1833.14,3.6,7
6,1,55687.42,5.5,6
3,1,58309.39,5.2,9
4,1,4698.61,4.3,1
3,2,4629.99,4.4,0
40,2,7029.42,5.8,0
41,1,144912.1,6.8,0
2,2,2585.88,4,0
7,1,726.151,3.7,0
5,1,19039.1,5,23
17,1,83386.69,6.2,0
7,1,41563.97,5.5,0
13,2,63265.46,6.2,0
4,1,190869.85,5.9,20
10,1,29216.79,5.5,0
30,1,1164021.58,7.5,8
29,1,9215.51,5.4,0
5,1,15650.91,4.9,1
48,2,144631.5,7.1,0
20,1,45525.91,6,6
49,1,538045.66,7.4,60
6,1,39365.97,5.4,0
3,2,2497.52,4.2,0
14,1,44107.11,5.8,1
4,1,91481.44,5.6,25
38,2,40531.48,6.5,0
4,1,529.715,3.3,0
2,1,11509.73,4.4,5
27,1,15349.57,5.6,1
7,1,191822.7,6.1,0
43,2,73291.88,6.8,3
21,2,196114.53,6.9,9
5,1,2497.43,4.1,6
3,2,57624.36,5.5,0
73,1,157985.09,7.1,130
8,1,16205.26,5.1,1
29,2,464470.79,7.4,0
10,1,585.622,3.8,7
11,2,143715.08,6.5,0
11,1,6790.16,4.9,2
17,1,19592.43,5.5,0
8,2,64885.47,6,3
21,2,37924.86,6.2,0
3,1,628.611,3.3,1
8,1,33679.3,5.4,0
7,1,7506.79,4.7,6
1,1,1175.07,3.1,0
5,2,16107.27,5.2,5
9,1,10087.24,5,0
14,1,3020.97,4.6,0
11,1,33830.6,5.6,33
36,1,149086.15,6.7,3
8,2,17541.13,5.4,0
4,1,10706.76,4.6,5
8,1,76506.6,5.8,0
80,1,61414.58,6.7,17
9,2,30123.57,5.7,9
9,1,78789.89,5.9,20
6,1,180478.52,6,1
9,1,85479.98,5.9,3
9,1,77638.16,5.8,0
7,1,29003.72,5.3,0
17,2,34451.65,6.1,1
6,1,2372.59,4.2,4
10,1,75937.07,5.9,1
6,1,22619.33,5.1,6
9,1,6258.01,4.8,0
6,2,41523.05,5.7,1
20,1,73074.39,6.2,19
6,1,47810.17,5.5,11
4,1,9335.39,4.6,12
83,1,955843.2,7.9,23
11,1,63468.41,5.8,4
19,1,4583.43,4.9,0
1,1,1297.55,3.1,0
38,1,24216.56,6,20
4,2,2252.49,4.3,0
23,2,808059.61,7.6,0
5,1,912.764,3.7,0
9,1,45838.45,5.6,0
4,1,2550.79,4,125
19,1,140515.03,6.4,0
5,1,1102.97,3.7,1
5,2,114098.67,6.1,0
48,2,224148.16,7.3,23
25,1,4629.7,5.1,9
12,2,1834.71,4.6,0
21,1,63089.06,6.1,62
4,1,10408.03,4.6,3
51,2,70520.88,6.9,69
3,1,30135.72,5,6
4,1,16015.58,4.8,5
3,1,761.612,3.4,3
1,2,213.269,2.6,0
3,1,1981.92,3.8,2
6,1,204295.58,6.1,1
93,1,115246.52,7,95
3,1,16656.85,4.7,20
17,1,57711.98,6,2000
48,1,131307.99,6.8,279
9,1,28847.57,5.4,67
4,1,12264.27,4.7,26
2,1,1199.3,3.4,6
8,1,29111.38,5.4,13
7,1,47853.29,5.5,24
2,1,2463.6,3.7,28
3,1,4080.57,4.1,4
3,1,8925.77,4.4,2
10,2,38291.77,5.9,11
5,1,8374.03,4.6,17
20,1,22573.98,5.7,19
4,1,12375.93,4.7,16
5,1,13902.97,4.8,95
16,2,211256.78,6.8,2000
8,1,29516.96,5.4,2
11,2,147088.34,6.5,0
3,1,332.483,3,0
4,1,62548.04,5.4,3
4,1,11553.11,4.7,0
9,1,40658.76,5.6,5
8,1,8032.65,4.8,51
11,2,491950.15,7,104
9,1,33402.88,5.5,0
20,1,53194.83,6,15
19,1,29372.7,5.7,10
7,1,10778.8,4.9,8
20,1,308728.72,6.8,23
13,1,12975.73,5.2,16
22,1,333.207,3.9,0
17,1,374448.85,6.8,89
2,1,3208.66,3.8,12
3,1,84372.28,5.4,16
55,1,154793.77,6.9,69
3,1,9814.17,4.5,0
6,1,36825.48,5.3,22
4,1,188694.05,5.9,129
41,1,159497.37,6.8,3
5,1,8209.31,4.6,0
22,2,50377.42,6.3,1053
5,1,12677.59,4.8,21
10,1,242699.51,6.4,30
6,2,44952.69,5.7,12
19,1,52560.03,6,3
20,1,68754.86,6.1,34
3,2,7725.62,4.7,20
23,1,43676.36,6,28
8,1,85856.94,5.8,15
4,1,14785.95,4.8,13
45,2,134287.4,7.1,11
3,1,4899.65,4.2,43
18,1,65654.14,6.1,1
10,1,855819.77,6.9,7
8,1,44209.12,5.5,7
17,1,163360.92,6.4,8
3,1,9965.14,4.5,11
2,1,1667.49,3.5,7
2,1,4580.5,4,27
5,1,11721.28,4.8,8
4,1,1058.18,3.6,3
25,1,619197.82,7.2,126
13,1,35551.57,5.7,987
2,1,395.807,2.9,16
3,2,1468.81,3.9,4
5,1,12148.26,4.8,17
9,1,101854.32,6,0
17,2,40036.82,6.1,23
2,1,23384.41,4.7,4
21,1,823461.88,7.2,40
41,1,433454.63,7.2,40
43,1,275029.31,7.1,5
15,1,72209.36,6,23
14,1,55740.23,5.9,62
3,1,2586.86,3.9,88
22,1,69402.58,6.2,65
4,1,7891.31,4.5,3
5,1,6802.76,4.5,1
2,1,968.76,3.3,2
18,2,73780.97,6.4,202
3,1,12209.92,4.6,5
4,1,6530.74,4.4,6
4,1,35359.18,5.2,41
8,1,15321.96,5.1,5
46,2,28630.77,6.4,5
12,2,226558.27,6.7,200
2,2,1055.41,3.6,0
4,1,3517.31,4.1,20
9,2,93628.71,6.2,19
37,1,102998.37,6.6,39
7,2,3446.4,4.7,16
3,2,2332.12,4.1,117
3,1,5936.26,4.3,6
25,2,86681.01,6.6,4
13,1,14901.1,5.3,1
4,1,6052.27,4.4,28
12,1,679663.6,6.9,160
3,1,8129.39,4.4,0
2,1,2020.76,3.6,8
19,1,71253.3,6.1,6
28,2,379339.74,7.3,1
7,1,24898.89,5.2,0
4,1,12730.18,4.7,13
4,1,928.544,3.6,5
4,2,628.483,3.7,0
12,1,26479.81,5.5,1
5,1,82363.91,5.6,14
32,2,443212.08,7.5,4
2,1,1727.34,3.5,20
36,1,1515482.22,7.7,0
53,2,336115.19,7.6,177
48,2,58909.96,6.8,4
3,1,507.011,3.2,1
4,1,34532.06,5.1,11
6,2,130491.54,6.2,2
2,1,1437.55,3.5,6
2,1,2455.69,3.7,0
3,1,150.551,2.7,0
5,1,75648.02,5.6,20
23,1,673469.24,7.2,4
4,1,89539.22,5.6,2
32,1,122632.43,6.6,0
13,1,260716.36,6.5,0
12,1,220943.44,6.4,1
2,1,23040.13,4.7,3
4,1,436815.44,6.2,3
14,1,16367.39,5.4,25
32,1,275339.78,6.9,26
7,1,104031.03,5.9,15
23,1,488992.8,7.1,7
28,1,135417.73,6.6,0
4,1,10544.88,4.6,0
7,1,892.05,3.8,0
36,2,7609.48,5.7,0
16,1,43716.57,5.8,95
8,1,123212.59,6,300
8,1,11963.02,5,19
5,1,35239.65,5.2,0
11,1,56393.19,5.8,9
61,1,118198.38,6.9,0
11,1,6747.27,4.9,17
3,1,127862.24,5.6,10
16,1,24295.58,5.6,0
3,2,1121.74,3.8,0
6,1,618243.19,6.6,2
6,1,22757.65,5.1,29
42,2,2339.48,5.3,31
31,1,78150.97,6.4,9
8,1,7580.22,4.8,4
4,2,71018.19,5.8,1
3,2,4747.18,4.5,3
4,1,11751.45,4.7,4
4,1,1559.24,3.8,0
28,2,285908.88,7.2,3
4,1,215.291,2.9,0
4,2,55444.5,5.6,160000
3,1,44767.86,5.1,0
2,1,2662.82,3.7,1
13,1,23455.77,5.5,6
9,2,43430.02,5.9,15
24,1,436702.62,7,54
15,1,80551.76,6.1,3
14,1,263934.24,6.6,0
5,1,3232.17,4.2,0
5,1,4281.58,4.3,0
5,1,426.448,3.3,0
5,2,3782.68,4.6,15
24,1,39971.51,6,939
5,1,23734.89,5.1,56
4,2,5108.2,4.6,0
6,1,21572.62,5.1,26
8,1,7328.19,4.8,0
11,1,14671.98,5.2,61
39,1,127493.44,6.7,0
9,1,13177.33,5.1,11
15,1,107063.04,6.2,3
3,1,299.295,3,0
5,1,10515.15,4.7,2
6,1,13464.18,4.9,1
2,1,230.99,2.7,1
5,2,6532.21,4.8,0
33,1,52232.64,6.2,0
10,1,1515.96,4.2,1
29,2,110.21,3.8,0
3,1,2490.36,3.9,7
51,1,159581.94,6.9,30
3,1,1127.99,3.5,0
5,1,31214.58,5.2,83
4,1,1824.12,3.9,0
12,1,161739.65,6.3,210
5,1,3022.27,4.2,19
8,1,5575.89,4.6,0
3,1,81.7624,2.4,13
17,1,109541.01,6.3,3006
5,1,15942.11,4.9,1
3,1,19689.71,4.8,0
4,1,10780.74,4.6,9
14,2,363510.71,7,100
2,1,38945.07,4.9,3
10,1,308986.37,6.5,16
7,2,72283.7,6,196
2,1,831.468,3.2,0
3,1,10713.94,4.5,7
2,1,42655.12,4.9,13
59,1,47461.89,6.4,34
20,2,38781.5,6.2,67
3,1,20780.32,4.8,25
2,1,16748.57,4.5,2
4,1,16535.64,4.8,15
2,1,582.05,3.1,2
2,2,140.962,2.8,0
3,1,1448.63,3.6,1
4,1,16657.32,4.8,164
5,1,5488.44,4.4,65
3,1,517.871,3.2,0
3,1,199.004,2.8,0
59,2,378045.12,7.6,11
2,2,4070.77,4.2,8
39,1,638379.86,7.4,210
2,1,19410.64,4.6,8
14,1,2439.38,4.5,0
2,1,13375.18,4.4,1
2,2,274.971,3,0
7,1,17191.92,5.1,3
4,2,21194.51,5.2,3
15,2,16222.47,5.7,2
19,1,106552.73,6.3,11
6,2,17939.35,5.3,8
9,1,17243.62,5.2,4
11,1,12017.51,5.1,36
6,1,2163.87,4.1,1
12,2,6966.13,5.2,2
14,2,86023.99,6.4,2
4,1,78938.76,5.5,16
15,1,52796.91,5.9,0
11,1,102889.49,6.1,34
3,2,509.144,3.5,0
14,1,156995.58,6.3,24
6,1,25357.78,5.2,18
4,2,2441.81,4.3,0
38,1,65222.23,6.4,185
20,1,44796.52,6,35
2,1,4606.95,4,3
15,2,84821.82,6.4,54
3,1,14994.27,4.7,15
3,1,2079.62,3.8,5
2,1,646.886,3.1,4
6,1,18008.27,5,0
29,1,157042.18,6.7,0
27,1,26962.05,5.9,25
4,1,8716.04,4.5,0
6,1,92247.56,5.7,27
110,2,1162598.06,8.4,3000
2,2,750.023,3.5,0
18,1,62813.66,6.1,1
2,1,153.021,2.5,7
2,1,337.173,2.8,0
3,1,47477.59,5.2,2
3,1,26644.5,4.9,1
12,1,136392.44,6.2,0
4,1,420.299,3.2,1
12,2,28979.14,5.8,0
4,2,45909.97,5.6,0
3,1,8999.41,4.4,45
116,1,90256.29,7,0
6,1,114505.27,5.8,0
2,1,9845.03,4.3,3
4,1,14374.15,4.8,0
131,1,607.755,4.9,0
2,1,149.54,2.5,22
2,1,2442.19,3.7,4
6,1,59887.68,5.6,3
2,1,114.073,2.4,18
10,1,8904.89,4.9,3300
5,1,117312.56,5.8,1
4,1,531.389,3.3,8
5,1,10939.99,4.7,7
3,1,7786.59,4.4,0
2,1,7985.92,4.2,1
5,1,14229.48,4.9,0
1,1,1122.78,3.1,8
2,1,18401.2,4.6,6
1,1,4312.8,3.6,7
9,1,177018.72,6.2,4
2,1,1526.96,3.5,0
2,1,3305.11,3.8,9
20,1,29066.34,5.8,12
3,1,2676.01,3.9,5
33,1,264456.02,6.9,18
5,1,375.433,3.3,53
21,1,104997.2,6.3,0
2,1,271.875,2.7,1
33,1,268299.25,6.9,50
2,1,9904.24,4.3,4
11,1,9448.2,5,10
3,1,18401.51,4.7,37
37,1,839987,7.5,0
15,2,30761.93,6,0
8,1,53346.1,5.6,0
12,1,47165.16,5.8,0
12,1,3315.43,4.6,2
9,1,120148.25,6,0
2,1,1435.96,3.5,1
13,1,44233.26,5.8,198
5,1,108613.62,5.7,0
6,1,14015.3,4.9,0
6,1,10516.82,4.8,0
3,2,86.6257,2.7,0
3,1,2879.29,3.9,4
5,1,353750.6,6.2,8
5,1,2011.2,4,0
15,1,3374.3,4.7,0
2,1,20579.09,4.6,2
3,1,70496.68,5.3,3
4,1,1401.54,3.7,0
9,2,111021.08,6.3,0
39,1,209386.98,6.9,0
17,1,42115,5.9,0
22,1,338694.19,6.9,0
85,1,139112.79,7.1,0
4,1,1083.59,3.6,1
6,1,284.716,3.2,5
9,1,3685.68,4.5,0
5,1,32950.64,5.2,0
13,2,14841.55,5.6,2
15,1,20372.96,5.5,7
22,1,23470.4,5.7,0
41,1,150236.89,6.8,0
44,1,176541.44,6.9,6
123,2,615606.17,8.2,10
3,1,26683.32,4.9,4
5,1,385.603,3.3,0
3,1,534.805,3.2,4
33,1,64571.92,6.3,0
35,1,75082.68,6.4,0
8,2,17758.4,5.5,0
13,1,1308.79,4.2,2
11,1,32623.07,5.6,3
4,2,540.126,3.6,1
10,1,10630.55,5,5
3,1,1927.13,3.8,0
59,1,2018522.23,8.1,161
43,2,1231895.8,8,0
2,1,3573.26,3.9,0
10,1,87835.8,5.9,6
3,1,73131.96,5.3,0
3,1,16827.6,4.7,0
13,1,167998.11,6.3,2
2,1,257.162,2.7,15
3,1,1305.97,3.6,6
5,1,8232.15,4.6,35
2,1,238.27,2.7,0
20,1,12916.99,5.4,200
25,1,21651.02,5.7,0
3,1,766.549,3.4,1
2,1,9918.63,4.3,7
45,2,82419.94,6.9,148
6,1,27233.62,5.2,6
19,1,22660.13,5.6,5
3,1,7224.1,4.3,8
6,1,539.962,3.5,0
5,1,11855.82,4.8,0
7,1,3601.56,4.4,0
2,1,106.546,2.3,0
10,2,86272.34,6.2,9
3,1,5584.25,4.2,4
2,1,3338.3,3.8,7
27,1,5307.76,5.2,7
9,1,1045.19,4,0
3,1,3793.65,4.1,3
3,1,702.724,3.3,3
4,2,213997.96,6.2,9
5,1,21201.19,5,13
79,1,13377.33,6,3
3,1,8243.39,4.4,0
1,1,457.6,2.7,4
6,1,38304.75,5.4,61
2,1,254.649,2.7,18
3,1,297683.26,6,12
17,1,21413.21,5.6,12
2,1,507.189,3,12
5,1,952.089,3.7,2
2,1,595.224,3.1,165
2,1,17156.81,4.5,2
2,1,94.8275,2.3,0
2,1,3857.91,3.9,0
7,1,171071.22,6.1,16
5,1,73221.49,5.6,0
3,2,51606.53,5.5,0
19,2,11463.21,5.6,3
10,2,70921.02,6.2,4
8,1,10631.92,4.9,52
4,1,51769.75,5.3,13
13,2,62960.79,6.2,0
8,1,14779.07,5.1,0
23,2,21798.11,6,3
2,1,923.127,3.3,2
2,1,5589.93,4,8
19,1,137750,6.4,28
2,1,1854.41,3.6,1
2,1,731.057,3.2,1
3,1,643.389,3.3,0
4,1,1785.32,3.9,3
10,1,113990.59,6.1,2
2,1,116.886,2.4,9
4,2,48760.16,5.6,18
3,1,2292.81,3.8,13
7,1,171199.17,6.1,7
1,1,6689.31,3.8,6
3,1,376.375,3.1,4
2,1,2826.32,3.8,0
4,1,21408.02,4.9,127
31,1,314895.7,7,7
5,1,31350.78,5.2,15
54,1,134916.26,6.9,16
1,1,10530.39,4,7
2,1,3519.3,3.8,30
9,2,32128.23,5.8,1
2,2,1168.71,3.7,6
2,1,1114.78,3.3,2
2,1,160.198,2.5,24
55,1,117883.62,6.8,67
5,1,6155.34,4.5,17
3,1,11776.47,4.5,0
1,1,367.842,2.6,2
18,1,2470.75,4.6,1
1,1,5002.79,3.7,3
81,2,471060.82,7.9,123
1,1,2922.85,3.5,0
4,2,3538.66,4.5,0
2,1,85.0703,2.2,0
2,1,27219.12,4.7,3
4,1,5832.81,4.4,2
5,1,7788.93,4.6,1
1,1,10537.09,4,2
22,1,34209.05,5.9,0
,,,,
3,1,5503.86,4.2,1
25,1,323815.17,6.9,1
4,1,1028149.43,6.6,0
,,,,
,,,,
8,1,317.658,3.4,0
17,1,586302.53,7,1
89,1,78728.11,6.8,10
3,1,19628.97,4.8,13
4,1,14325.51,4.8,11
#N/A,#N/A,#N/A,,#N/A
69,1,138852.9,7,7
3,1,15058.79,4.7,0
2,1,3162.75,3.8,0
5,1,14422.68,4.9,0
23,1,118350.1,6.4,9
2,1,1992.49,3.6,0
3,1,6499.41,4.3,2
4,1,3901.07,4.2,12
92,1,486564.84,7.7,0
3,1,8222.43,4.4,0
3,1,9891.46,4.5,2
2,2,2576.57,4,30
5,1,12776.68,4.8,2
25,2,95753.23,6.7,20
8,1,12067.52,5,5
76,1,215590.79,7.2,0
5,1,13111.55,4.8,0
1,1,2626.51,3.4,2
3,1,1524.21,3.7,0
2,2,546.934,3.3,0
3,1,50628,5.2,14
3,1,8171.95,4.4,5
5,1,9368.9,4.7,0
5,1,131879.05,5.8,1
21,1,281931.48,6.8,20
8,1,12173.27,5,3
14,1,53538.05,5.9,2
5,1,70175.04,5.5,22
3,1,8078.29,4.4,19
2,1,695.898,3.1,1
2,1,1218.83,3.4,10
4,1,33247.73,5.1,9
49,1,868200.94,7.6,285
4,1,103777.99,5.6,1
3,1,1443.81,3.6,9
62,1,235095.9,7.2,0
49,1,137086.59,6.8,217
2,1,1021.37,3.3,0
17,2,150549.91,6.7,3
2,1,1496.24,3.5,2
4,1,4099.76,4.2,0
3,1,962.615,3.5,20
38,2,126534.39,7,18
5,1,6903.15,4.5,1
3,1,1766.2,3.7,0
1,1,1088.54,3,0
2,1,2785.01,3.7,0
2,1,1183.34,3.4,2
6,1,152.296,3,3
4,1,41056.59,5.2,1
36,1,1540349.44,7.7,430
7,1,37685.27,5.4,4
7,1,18773.56,5.1,0
4,1,766.522,3.5,4
15,1,4231,4.8,55
6,1,2647.5,4.2,13
5,1,12934.64,4.8,2
4,1,22834.67,5,11
7,1,60614.8,5.6,7
3,1,1700.85,3.7,2
3,1,3350.82,4,3
2,1,785.174,3.2,1
4,1,67.7191,2.4,0
122,2,702361.66,8.2,600
2,1,5709.91,4.1,0
5,1,1700.7,3.9,3
14,1,9132.34,5.1,0
10,1,2427.5,4.4,1
2,1,1202.55,3.4,4
3,1,44616.58,5.1,28
4,1,5085.41,4.3,0
3,1,6238.6,4.3,1
3,1,3901.12,4.1,3
25,1,62479.95,6.2,0
6,1,17832.44,5,1
12,1,10284.86,5.1,0
5,2,17427.04,5.2,41
2,1,2074.7,3.6,2
2,1,174.444,2.5,4
10,2,13488.03,5.4,266
7,1,317905.6,6.3,83
5,1,6123.73,4.5,68
4,1,856.765,3.5,0
6,1,5265.43,4.5,0
2,1,359.582,2.9,0
3,1,33795,5,0
9,2,313672.72,6.8,3
17,1,52987.31,6,106
2,1,4845.05,4,0
4,1,13874.73,4.7,0
16,1,345303.79,6.7,0
21,1,24063.21,5.7,0
6,1,6718.98,4.6,0
3,1,210.128,2.8,0
5,1,8766.21,4.6,0
13,2,280039.63,6.9,24
2,1,1449.13,3.5,0
21,1,876375.49,7.3,0
45,1,466914.56,7.3,77
2,1,1500.93,3.5,0
3,1,1769.35,3.7,2
4,2,14987.88,5.1,5
34,1,393161.63,7.1,0
43,1,315231.35,7.1,0
7,1,1139.21,3.9,4
50,1,30866.26,6.2,0
6,1,23062.38,5.1,30
13,1,5014.82,4.8,1
4,2,83502.65,5.8,0
4,1,2425.73,4,4
2,1,2791.37,3.7,4
11,2,241748.7,6.7,2
44,2,1434589.04,8.1,1
4,1,13530.48,4.7,2
2,1,343.973,2.8,39
1,1,914.247,3,0
2,1,3089.53,3.8,0
3,1,701.566,3.3,2
45,1,285012.04,7.1,0
3,1,1367.86,3.6,1
18,1,30394.38,5.7,0
6,1,1097.11,3.8,12
2,1,371.086,2.9,8
4,1,656.473,3.4,1
14,1,220029.06,6.5,0
5,1,3279.12,4.2,24
2,1,965.73,3.3,6
12,1,12949.64,5.2,14
13,1,269996.83,6.5,0
5,1,30706.8,5.2,0
5,2,22883.26,5.4,0
11,1,338861.7,6.6,0
12,1,19395.83,5.4,0
12,1,137205.77,6.2,8
10,1,32682.01,5.5,0
10,1,68628.4,5.8,0
37,1,37809.06,6.1,0
46,1,26936.78,6.1,0
102,1,139112.79,7.2,0
12,1,35397.85,5.6,0
4,1,13941.66,4.7,2
31,1,1260590.18,7.6,0
9,1,106247.98,6,1
2,1,82478.43,5.2,2
24,1,785574.94,7.3,1
4,1,57424.09,5.4,0
4,1,9031.36,4.6,0
4,1,6337.59,4.4,0
10,1,26796.79,5.4,27
15,1,115312.47,6.2,0
168,2,607286.01,8.3,7
7,1,433469.94,6.5,20
4,1,42499.87,5.2,2
2,1,401.224,2.9,0
7,1,1014.86,3.9,0
2,1,545.177,3,3
2,1,29456.33,4.8,0
4,1,40587.44,5.2,0
3,1,2674.05,3.9,0
8,1,46117.22,5.6,1
4,1,6108.77,4.4,0
14,1,88563.63,6.1,32
3,1,1559.1,3.7,7
11,1,4154.77,4.7,0
3,1,18390.87,4.7,0
2,1,276.318,2.7,0
14,1,65370.88,6,6
14,1,36369.03,5.7,12
10,1,294622.26,6.5,0
13,1,27341.22,5.6,3
11,1,1861.91,4.3,0
3,1,28756,4.9,1
2,1,3621.72,3.9,2
19,1,78942.02,6.2,7
44,1,166298.58,6.9,0
2,1,292.004,2.8,0
2,1,333.722,2.8,0
22,1,2994.31,4.8,1
14,1,189697.31,6.4,16
2,1,212.606,2.6,4
11,1,6742.45,4.9,44
19,1,60476.42,6.1,0
3,1,27682.21,4.9,8
7,1,1672.7,4.1,0
24,2,9362.83,5.7,0
3,1,1873.41,3.7,15
4,1,14318.2,4.8,0
25,1,115919.99,6.5,29
4,1,4201.56,4.2,0
3,1,878.617,3.4,0
5,1,1681.67,3.9,0
6,1,19475.5,5.1,1
48,1,410708.54,7.3,23
3,1,396.349,3.1,0
8,1,259752.89,6.3,7
6,1,48599.81,5.5,0
6,1,457677.64,6.4,0
5,1,146.379,2.9,0
4,1,20634.73,4.9,0
3,1,898.687,3.4,0
6,1,14760.78,4.9,24
3,1,2796.27,3.9,4
4,1,787.683,3.5,0
3,1,751.122,3.4,6
3,1,4108.64,4.1,0
6,1,21909.34,5.1,0
5,1,14147.74,4.8,2
11,1,44627.03,5.7,6
2,1,1292.7,3.4,2
5,1,648.179,3.5,28
3,2,82.0525,2.7,39
5,1,1029.56,3.7,0
12,1,29901.95,5.6,0
8,1,1235.54,4,0
6,2,40845.92,5.7,63
3,1,1721.59,3.7,0
15,2,17006.86,5.7,12
21,2,2203.32,5,8
14,1,65263.03,6,0
10,1,15002.61,5.2,2
3,1,590.451,3.2,0
3,1,600.754,3.3,0
1,1,145253.54,5.2,0
4,1,924.671,3.6,12
5,1,4834.93,4.4,1
4,1,4327.32,4.2,0
12,2,11753.31,5.5,1
4,1,6119.98,4.4,4
16,1,884.881,4.2,3
5,1,8719.41,4.6,2
5,1,22713.01,5.1,20
3,1,6903.22,4.3,60
6,1,7741.04,4.7,0
7,1,77910.06,5.7,14
4,1,7902.14,4.5,2
22,1,106239.37,6.4,1
5,2,13912.96,5.1,0
4,2,7597.36,4.8,0
31,1,187542.85,6.8,0
3,1,135.402,2.6,0
4,2,5421.41,4.6,0
22,1,283687.64,6.8,7
7,1,9745.41,4.8,11
7,1,8020.61,4.7,0
6,1,16617.71,5,1
3,1,11708.02,4.5,3
4,1,23941.66,5,13
9,1,20039.47,5.3,8
4,1,31074.07,5.1,1
4,1,4486.28,4.3,0
77,1,139683.92,7,1
18,1,11922.12,5.3,1
11,2,19984.68,5.6,76
9,1,48802.44,5.6,6
4,1,5643.54,4.4,0
14,1,97964.82,6.1,0
4,1,63445.93,5.4,0
5,1,35142.76,5.2,10
3,1,5096.88,4.2,0
5,1,10479.27,4.7,23
16,1,19471.32,5.5,28
3,1,90.1132,2.4,0
4,1,78978.7,5.5,22
3,1,287.878,2.9,0
8,1,11482.1,5,3
10,1,1348.91,4.1,0
4,1,11999.65,4.7,138
4,1,9152.77,4.6,0
6,1,12948.32,4.9,4
6,1,62183.46,5.6,2
19,2,125461.42,6.7,0
7,1,4902.73,4.5,22
101,2,371596.28,7.9,65
12,1,25336.07,5.5,28
35,1,51699.41,6.3,2
5,2,17448.18,5.2,0
9,2,50976.86,6,29
7,1,17267.47,5.1,106
3,1,2999.92,4,16
3,1,1008.6,3.5,21
5,1,28018.74,5.1,21
5,1,11679.24,4.8,29
5,1,9715.16,4.7,35
6,1,522.922,3.5,5
3,1,6762.02,4.3,33
3,1,61.3685,2.3,0
5,2,10857.77,5,59
22,2,252250.7,7,55
23,1,94511.31,6.3,124
2,1,409.976,2.9,24
2,1,16409.15,4.5,1
7,1,29669.25,5.3,21
8,1,2120.16,4.2,10
2,1,5174.6,4,28
5,1,1352.07,3.8,3
4,1,6075.26,4.4,2
6,1,1348.91,3.9,0
7,1,27818.77,5.3,10
9,1,22266.55,5.3,0
5,1,3417.55,4.2,2
3,1,1325.62,3.6,0
4,1,8401.28,4.5,0
7,1,275.312,3.3,0
3,2,3345.25,4.3,0
35,1,17605.45,5.8,0
3,1,2046.79,3.8,0
9,2,127556.41,6.4,15
3,1,5161.32,4.2,13
3,1,1657.33,3.7,2
4,1,993.753,3.6,6
2,1,1149.17,3.4,25
5,1,15133.75,4.9,34
26,1,15065.71,5.6,380
9,1,12840.76,5.1,18
7,1,23877.42,5.2,0
12,1,224943.54,6.4,5
5,1,5421.41,4.4,5
5,1,2189.04,4,0
2,1,1663.6,3.5,3
3,1,5573.46,4.2,8
141,1,46641.08,6.8,155
3,1,1052.89,3.5,46
3,1,32885.05,5,7
4,1,1326.28,3.7,3
3,1,3708.25,4,2
3,1,353.893,3,0
4,1,6948.68,4.4,0
5,1,49723.18,5.4,0
3,1,1417.53,3.6,1
2,1,287.878,2.8,1
14,1,20604.45,5.5,61
3,1,1921.2,3.8,0
3,1,712.688,3.3,1
3,1,3902.44,4.1,10
4,1,1418.55,3.8,0
3,1,9634.8,4.5,4
4,1,4728.5,4.3,5
69,1,276609.37,7.3,503
8,1,179044.58,6.2,11
24,2,134175.48,6.8,9
14,1,598178.98,6.9,0
4,2,13581.27,5,0
8,1,170587.72,6.1,169
2,1,2407.79,3.7,6
2,1,41.7932,1.9,4
4,1,2182.4,3.9,4
3,1,2754.41,3.9,0
5,1,22455.41,5.1,0
4,1,5527.39,4.3,0
13,2,224555.13,6.8,117
3,2,6481.41,4.6,1
7,1,18368.62,5.1,4
9,2,20154.02,5.6,0
12,1,13634.82,5.2,24
3,1,765.415,3.4,0
8,1,18939.9,5.2,0
10,1,130291.33,6.1,53
8,2,50532.06,5.9,11
3,1,1160.12,3.5,4
7,1,3790.23,4.4,0
5,1,15669.48,4.9,0
3,1,11377.32,4.5,0
3,1,10642.67,4.5,0
5,1,3012.07,4.2,7
3,1,867.248,3.4,0
7,1,66440.05,5.7,0
3,1,1322.87,3.6,3
11,2,252147.97,6.7,326
22,2,47497.79,6.3,0
4,1,103705.05,5.6,8
8,1,2916.82,4.4,10
31,2,124885.49,6.9,22
17,1,205292,6.5,0
3,1,180.881,2.7,22
3,1,43981.36,5.1,0
10,1,369952.83,6.6,17
3,2,5261.39,4.5,0
3,2,70.6637,2.6,0
6,1,358953.75,6.3,0
13,2,166884.09,6.6,9
9,1,85631.21,5.9,0
9,1,4349.44,4.6,0
8,1,156149.14,6.1,0
14,1,79027.31,6,30
3,1,654.578,3.3,0
5,1,5753.91,4.5,1
23,1,52917.92,6.1,0
4,1,90660.36,5.6,6
3,2,9461.91,4.8,9
9,2,3852.68,4.8,33
31,1,61802.24,6.3,0
3,1,684.754,3.3,0
33,1,257337.97,6.9,9
6,2,18667.79,5.4,0
33,2,1111282.62,7.9,160
7,1,19788.37,5.1,9
4,1,3838.09,4.2,2
3,1,283.706,2.9,2
4,1,23145.61,5,0
6,1,483096.37,6.5,14
3,2,312.833,3.3,1
16,1,191207.86,6.5,0
4,1,3655.95,4.2,2
12,1,4848.3,4.8,0
6,1,282524.65,6.2,0
4,1,4900.42,4.3,19
3,1,919.174,3.4,4
6,2,22335.39,5.4,0
3,1,44882.83,5.1,11
6,1,22811.32,5.1,19
4,1,1171.11,3.7,39
3,1,117.392,2.5,8
9,1,5024.73,4.7,0
15,1,13766.51,5.3,13
4,1,942.125,3.6,11
6,1,5284.45,4.5,35
16,1,2640.21,4.6,1
5,1,1176.25,3.8,0
8,2,40931.32,5.8,7
3,1,1017.36,3.5,0
3,1,564.33,3.2,4
55,1,71519.2,6.6,28
5,1,1026.82,3.7,0
4,1,4120.28,4.2,0
3,1,1083.91,3.5,1
7,2,57867.77,5.9,0
78,1,139112.79,7,0
3,1,699.028,3.3,69
4,1,6836.97,4.4,0
9,1,1342.66,4.1,4
4,1,47744.36,5.3,0
3,1,516.405,3.2,0
11,1,809.506,3.9,0
4,2,8029.25,4.8,0
12,1,10361.1,5.1,0
5,1,2096.93,4,0
3,1,203.165,2.8,40
5,1,1984.36,4,0
12,1,333296.24,6.6,6
3,1,2254.64,3.8,10
4,1,35586.88,5.2,11
17,2,41005.95,6.1,147
7,1,2866.26,4.3,0
3,1,655.981,3.3,3
7,1,87111.92,5.8,6
4,1,62705.79,5.4,28
12,1,809.506,4,0
6,1,4171.44,4.4,13
3,1,59656.92,5.3,11
18,2,9583.71,5.5,1
3,1,867.248,3.4,0
5,1,1489.38,3.9,22
3,1,220.297,2.8,4
4,1,13421.56,4.7,9
3,2,776.394,3.7,0
4,1,4558.95,4.3,5
3,1,4523.5,4.1,0
67,1,3859.4,5.4,1
2,1,17366.54,4.5,0
2,1,9379.12,4.3,0
5,1,9125.19,4.7,9
2,2,289.427,3.1,3
2,1,6714.07,4.1,1
4,1,272804.86,6,6
1,1,8522.09,3.9,0
2,2,9989.55,4.6,60
4,1,6405.84,4.4,15
13,1,22936.16,5.5,11
4,1,752.424,3.5,3
4,1,17458.8,4.8,0
4,1,3270,4.1,0
9,1,45272.89,5.6,3
3,1,35653.02,5,0
3,1,305.754,3,9
2,1,210.65,2.6,0
2,1,5306.6,4,8
2,1,1935.25,3.6,5
3,1,2807.36,3.9,2
1,1,497.356,2.7,6
4,1,745.636,3.5,0
8,1,14875.04,5.1,5
1,1,485.879,2.7,0
10,1,132283.24,6.1,1
5,1,45214.45,5.4,12
3,1,6244.32,4.3,0
2,1,1218.62,3.4,0
5,1,7733.72,4.6,10
5,2,977.076,4,711
9,1,8801.88,4.9,0
4,1,612.352,3.4,320
8,1,7155.21,4.8,1
14,1,3907.32,4.7,0
4,1,1196.74,3.7,2
21,1,69951.26,6.2,19
11,1,2095.07,4.4,20
3,2,5678.73,4.5,0
5,1,72024.14,5.6,39
2,1,3857.12,3.9,2
3,1,900.151,3.4,0
5,1,17273.71,4.9,0
6,1,87384.5,5.7,143
62,2,627890.77,7.9,2
3,1,13148.97,4.6,81
1,1,187.985,2.3,4
2,1,2257.22,3.7,0
1,1,4136.26,3.6,2
3,1,8297.09,4.4,2
2,1,27363.34,4.7,0
3,1,44526.51,5.1,12
6,1,619667.96,6.6,13
1,1,1769.07,3.2,10
2,1,6000.64,4.1,1
9,1,35716.61,5.5,3
2,1,10285.01,4.3,1
4,1,14700.46,4.8,25
4,1,7805.62,4.5,4
5,2,2802.78,4.4,90
2,1,69.4003,2.1,2
53,2,264055.39,7.4,11
3,1,14946.03,4.7,0
18,1,30123.95,5.7,146
2,1,13039.84,4.4,3
23,1,35442.06,5.9,65
6,1,563.403,3.5,17
13,1,14470.91,5.3,4
9,2,14287.72,5.4,200
10,1,15804.14,5.2,0
1,1,5570.29,3.7,15
3,1,23437.85,4.8,11
18,2,1280.11,4.7,0
97,2,74458.22,7.2,416
1,1,3031.91,3.5,6
2,1,3009.11,3.8,16
54,1,104251.73,6.8,100
3,1,31875.75,5,34
16,1,4162.8,4.8,173
3,2,77941.49,5.7,600
1,1,1282.21,3.1,2
7,1,36650.01,5.4,11
39,1,557928.11,7.3,5
1,1,4207.18,3.6,11
4,1,5048.01,4.3,0
2,1,19308.47,4.6,2
1,1,1064.62,3,0
2,1,2398.54,3.7,1
33,1,190726.68,6.8,36
2,2,1267.27,3.7,108
4,1,1303.73,3.7,20
2,1,2231.31,3.6,3
2,2,3947.08,4.2,78
1,1,14006.98,4.1,2
4,1,10853.46,4.6,20
2,2,6806.28,4.4,30
15,1,47892.63,5.9,30
4,1,111090.8,5.6,230
2,1,2586.06,3.7,2
2,1,7447.29,4.2,34
2,2,1713.61,3.8,3
1,1,2458.01,3.4,26
2,1,2231.31,3.6,52
3,2,1313.29,3.9,5
1,1,1828.17,3.3,2
2,1,18012.88,4.6,29
1,1,1362.89,3.1,4
34,2,105057.29,6.9,100
2,2,8533.79,4.5,2
7,2,231499.29,6.5,11
13,1,4467.85,4.8,86
19,2,205221.43,6.9,178
4,2,12941.63,5,32
2,1,1086.73,3.3,22
4,1,417.102,3.2,12
1,1,469.056,2.7,35
4,1,373.969,3.2,1
2,1,38728.34,4.9,29
5,1,3605.4,4.3,66
4,1,14265.28,4.8,9
10,1,3656.59,4.6,41
8,1,32060.65,5.4,47
12,1,18915.79,5.4,100
18,1,17561.54,5.5,15
6,1,158.746,3,2
7,1,4095.94,4.5,0
1,1,2392.12,3.4,30
3,1,7778.67,4.4,15
3,1,5615.49,4.2,2
28,2,2856609.94,8.2,7
3,1,15607.98,4.7,0
2,1,245.95,2.7,2
2,1,1612.25,3.5,4
1,1,2134.65,3.3,32
2,1,19752.41,4.6,30
17,1,16164.46,5.4,0
34,1,6892.57,5.4,0
3,1,17380.55,4.7,0
1,1,855.753,2.9,2
5,1,3118.43,4.2,0
2,1,5188.35,4,15
2,1,14812.43,4.5,9
31,2,63376.98,6.6,1
2,1,7432.76,4.2,18
26,2,9209.58,5.7,0
8,1,24779.7,5.3,20
21,1,17426.57,5.6,0
2,1,817.936,3.2,3
8,1,78097.03,5.8,0
3,1,3069.99,4,6
3,1,2306.25,3.8,11
8,2,30877.56,5.7,3
1,1,4916.89,3.7,4
1,2,373.233,2.9,0
2,2,23423.92,5,1
14,2,30197.98,5.9,8
1,1,108.807,2,7
3,2,24.3252,2.2,0
6,1,32095.86,5.3,0
7,1,652.467,3.7,19
4,1,5961.33,4.4,17
15,2,22466.71,5.8,131
6,1,110606.04,5.8,1
4,2,10061.81,4.9,6
1,1,25184.71,4.4,13
81,1,107078.76,6.9,18
6,1,17458.8,5,2
1,1,845.614,2.9,2
2,1,4356.18,3.9,4
3,1,3926.12,4.1,0
1,1,10394.92,4,5
117,1,202265.53,7.4,146
3,1,1048.13,3.5,0
5,1,13726,4.8,5
26,1,225488.61,6.8,0
10,1,578255.57,6.8,13
4,1,2197.83,3.9,11
4,2,590.25,3.7,9
4,1,6250.2,4.4,14
31,1,18959.38,5.8,3600
3,1,83734.13,5.4,0
4,1,14310.98,4.8,12
11,1,51402.68,5.8,0
11,1,344410.96,6.6,243
5,1,25654.42,5.1,3
5,1,7611.54,4.6,3
9,1,49136.38,5.6,36
16,2,111978.36,6.6,0
4,1,10793.76,4.6,7
6,1,77733.16,5.7,3
3,1,7561.32,4.4,0
3,1,7587.63,4.4,21
3,1,23851.47,4.9,3
6,1,9655.08,4.8,6
3,1,5875.21,4.2,43
2,1,86.6495,2.2,0
4,1,4476.77,4.3,58
2,2,96949.62,5.6,13
3,1,13696.67,4.6,40
4,1,7059.58,4.5,41
3,1,3171.9,4,1
4,1,101502,5.6,28
2,1,313.934,2.8,1
7,1,26693.08,5.3,8
9,2,44552.5,5.9,37
7,2,11165.9,5.2,10
4,1,10254.69,4.6,6
8,1,3036.54,4.4,0
4,1,5378.47,4.3,0
10,1,71922.63,5.9,23
11,1,208182.91,6.4,9
5,1,3925.89,4.3,14
2,1,7724.63,4.2,0
34,2,155000.88,7,1468
4,1,12755.85,4.7,9
2,1,18172.83,4.6,6
5,1,8043.09,4.6,2
3,1,3054.32,4,3
3,1,13966.79,4.6,20
7,1,42969.27,5.5,13
5,1,16446.57,4.9,42
4,1,8638.21,4.5,2
2,1,1633.72,3.5,3
6,1,25899.58,5.2,47
9,1,9210.78,4.9,0
5,2,208158.42,6.3,1139
3,1,36854.1,5,40
12,1,81863.87,6,31
17,1,223178.01,6.6,578
4,1,27589.36,5,7
12,1,57517.62,5.8,9
9,2,129459.76,6.4,162
8,1,78305.55,5.8,14
3,1,16275.53,4.7,8
3,2,3781.53,4.4,3
8,1,192115.69,6.2,0
19,1,47599.03,6,70
29,1,326457.88,7,637
5,1,12415.81,4.8,140
14,1,107052.9,6.2,140
31,1,119919.56,6.6,33
11,1,107667.89,6.1,65
7,1,11595.06,4.9,45
8,1,33982.24,5.4,14
14,1,75852.56,6,18
16,1,11567.6,5.3,16
3,1,25753.6,4.9,0
12,2,84226.48,6.3,0
7,2,55286.73,5.9,30
20,2,114035.69,6.7,94
3,1,3865.72,4.1,0
24,1,40362.73,6,36
7,1,17085.82,5.1,2
7,1,200560.21,6.1,9
9,2,11422.38,5.3,126
13,1,11736.11,5.2,6
30,1,46258.96,6.1,0
4,2,75334.21,5.8,3
5,1,21168.02,5,15
21,2,116230.15,6.7,10
3,1,24096.74,4.9,3
7,1,49106.47,5.5,14
3,1,16470.07,4.7,2
9,1,782982.74,6.8,7
6,1,536203.12,6.5,1
2,2,8583.8,4.5,0
2,1,12178.04,4.4,3
24,1,255303.35,6.8,200
13,2,468962.97,7.1,1
5,1,55642.9,5.4,8
5,1,16784.23,4.9,23
62,2,439042.75,7.7,929
8,1,47260.45,5.6,31
10,1,351934.8,6.5,40
4,1,32003.11,5.1,8
3,1,23629.19,4.9,2
3,1,182952.54,5.7,23
2,1,30829.03,4.8,5
6,2,328213.37,6.6,20006
92,1,199850.29,7.3,0
4,1,157176.83,5.8,0
6,1,422129.92,6.4,0
9,2,74776.82,6.1,120
4,1,27470.57,5,2
3,2,18279.39,5,0
33,2,738830.96,7.7,2
4,2,91886.28,5.9,27
15,2,191940.24,6.8,9803
4,1,197601.55,5.9,34
16,2,232555.94,6.9,632
3,1,93379.73,5.4,4
14,2,251262.56,6.8,50
5,1,55652.77,5.4,4
18,2,60539.63,6.3,425
27,2,861989.44,7.7,85
6,1,168965.63,6,45
31,2,1159286.45,7.9,160
4,1,177650.73,5.9,8
2,1,2621.54,3.7,4
27,2,175232.64,7,68
8,1,212066.82,6.2,7
5,1,22628.81,5.1,1
4,1,19146.13,4.9,4
11,1,126690.79,6.1,1
16,1,216423.75,6.5,0
5,1,29032.52,5.2,0
2,1,112209.14,5.4,153
5,1,123874.52,5.8,2
2,1,126001.58,5.4,10
4,1,97272.46,5.6,2
2,1,29344.17,4.8,0
5,1,111159.49,5.7,1
5,1,67744.31,5.5,0
23,1,278827.48,6.8,0
5,1,66372.4,5.5,18
5,1,104528.16,5.7,77
3,1,73290.6,5.3,1
2,1,63177.2,5.1,6
4,1,147169.8,5.8,8
7,2,92451.53,6.1,9
41,1,167131.59,6.8,40
10,2,45338.73,6,152
13,2,142575.74,6.6,46
23,2,56673.45,6.4,1
13,2,31880.32,5.9,37
3,1,35711.45,5,2
3,1,67712.26,5.3,3
24,1,132357.54,6.5,356
4,1,31125.65,5.1,7
8,1,100811.26,5.9,16
2,1,4316.89,3.9,2
6,1,87355.4,5.7,25
42,1,362133.7,7.2,725
66,1,123894.33,6.9,49
8,1,263026.77,6.3,4
3,1,50659.28,5.2,29
5,1,53032.65,5.4,4
16,1,71740.1,6.1,19
10,2,121165.09,6.4,19
8,1,97849.14,5.9,27
3,1,162984.68,5.7,12
3,1,59617.85,5.3,168
29,1,73327.2,6.3,11
8,2,54320.02,5.9,6
4,2,76624.97,5.8,0
12,1,184577.68,6.3,4
4,1,100713.39,5.6,3
6,2,79469.33,6,2
8,2,58491.35,6,0
6,1,19024.24,5.1,6
7,1,27207.35,5.3,11
35,1,130388.15,6.7,0
7,1,360327.85,6.4,26
14,1,9610.7,5.1,0
4,1,285348.93,6.1,0
7,1,57804.48,5.6,0
7,2,8304.1,5.1,0
60,2,127726.03,7.2,15
26,2,115184.25,6.8,2
10,1,72042.07,5.9,16
5,1,107432.01,5.7,36
3,2,27978.33,5.2,39
5,1,117753.3,5.8,3
6,1,136488.28,5.9,2
7,2,322868.72,6.7,7
5,1,42062.1,5.3,24
4,1,75253.95,5.5,7
5,1,56744.18,5.5,0
7,1,21898.24,5.2,0
7,1,18264.99,5.1,0
4,1,6286.31,4.4,0
2,1,8195.08,4.2,0
2,1,16546.85,4.5,0
2,1,72079.7,5.2,0
1,1,21112.23,4.3,0
4,1,105292.02,5.6,0
5,1,46298.26,5.4,0
7,1,59066.92,5.6,0
4,1,18006.15,4.9,0
1,1,9572.84,4,49
6,1,10722.75,4.8,90
6,1,56182.25,5.5,15
13,1,8692.64,5.1,0
4,1,25144.53,5,17
3,1,15178.46,4.7,0
10,1,78988.22,5.9,2
3,1,32651.28,5,2
19,2,91277.04,6.5,16
18,1,79672.26,6.2,3
2,1,50302.57,5,1
13,2,241305.54,6.8,11000
2,1,24807.76,4.7,156
8,1,24646.47,5.3,42
3,1,52224.22,5.2,11
6,1,25281.98,5.2,3
7,2,20712.8,5.5,29
12,1,119111.56,6.2,0
20,1,194230.08,6.6,230
5,1,70498.49,5.5,48
7,1,37475.38,5.4,8
7,1,29086.58,5.3,0
2,1,15756.75,4.5,1
24,1,63075.85,6.2,5
3,2,9471.48,4.8,6
5,1,39190.11,5.3,19
16,1,5936.01,5,8
2,1,6064.27,4.1,11
2,1,214764.31,5.6,4
2,1,67469.38,5.1,353
3,1,3669.43,4,27
3,1,214517.36,5.8,12
2,1,20621.49,4.6,0
3,2,26853.61,5.2,1
4,1,60557.25,5.4,1
1,1,36019.2,4.6,0
5,1,111379.28,5.7,0
10,2,447483.11,7,407
1,1,29738.8,4.5,3
4,1,215634.54,5.9,156
14,2,326113.13,7,25
6,1,73841.41,5.6,21
3,1,42372.92,5.1,2
6,2,90194.84,6,17
2,1,39717.53,4.9,15
8,1,28907.15,5.4,3
17,1,128410.56,6.3,70
38,2,620830.18,7.7,89
2,1,168600.45,5.5,0
2,1,8224.46,4.2,50
3,2,54155.77,5.5,2
2,2,75174.08,5.5,273
5,1,13180.01,4.8,9
4,1,68599.81,5.4,26
2,1,11.9565,1.4,6
5,1,4900.81,4.4,47
54,2,146391.32,7.2,1
5,1,3408.41,4.2,0
4,1,5703.44,4.4,1
2,1,102657.49,5.3,0
5,1,65726.76,5.5,0
1,1,529.582,2.7,93
80,2,116176.66,7.3,2632
2,1,78599.82,5.2,1
21,2,90967.35,6.6,0
14,1,28276.08,5.6,4
8,2,18116.79,5.5,21
2,1,29465.97,4.8,22
5,1,58057.89,5.5,0
3,2,54956.14,5.5,1
17,2,79160.2,6.4,31
10,1,83833.29,5.9,5
2,1,3551.22,3.9,0
2,1,4080.72,3.9,0
5,2,73860.39,5.9,0
16,2,170585.74,6.7,40
14,2,54190.53,6.2,126
28,2,36417.4,6.3,51
2,1,29725.68,4.8,27
14,2,26915.69,5.9,66
12,2,41223.71,6,180
26,1,305479.68,6.9,164
17,1,235631.23,6.6,170
17,1,72123.72,6.1,113
20,2,367328.26,7.2,345
34,2,292972.72,7.3,575
5,1,133217.34,5.8,90
11,1,35148.44,5.6,19
4,1,11603.78,4.7,30
4,1,28446.77,5.1,9
7,2,19951.35,5.4,1
4,1,136001.75,5.7,77
3,1,4931.72,4.2,1126
2,1,3247.25,3.8,0
2,1,27340.16,4.7,0
4,1,5843.61,4.4,1
4,1,8053.09,4.5,0
8,1,7743.49,4.8,3
5,1,56635.43,5.5,0
4,1,48940.51,5.3,30
3,1,39903.11,5.1,0
5,1,106206.57,5.7,19
7,1,26249.5,5.3,0
5,1,45397,5.4,1
9,1,164944.04,6.2,15
6,2,70343.63,5.9,58
5,1,216145.35,6,10
6,1,149532.7,6,8
2,1,51481.79,5,37
5,1,178662.77,6,11
3,1,100633.14,5.5,0
4,1,142697.44,5.8,19
11,1,34065.64,5.6,0
22,2,314770.65,7.1,15
6,1,60529.47,5.6,11
5,1,125228.8,5.8,27
5,1,96993.28,5.7,0
7,1,79574.2,5.7,9
3,1,23656.09,4.9,0
3,1,15355.36,4.7,0
3,2,1697.01,4,0
6,1,209225.63,6.1,0
4,2,62266.04,5.7,0
7,1,17721.98,5.1,148
68,1,242666.66,7.2,55
8,1,169775.58,6.1,5
5,1,53963.34,5.4,0
3,1,287302.14,5.9,4
3,1,106288.47,5.5,35
2,1,5592.68,4,0
14,1,59531.17,5.9,203
4,2,44210.4,5.5,52
2,1,73478.43,5.2,0
2,1,114756.4,5.4,13
7,1,50161.72,5.5,0
5,1,79602.78,5.6,2
1,1,209608.83,5.3,0
1,1,35004.11,4.5,0
5,1,117672.86,5.8,30
1,1,130852.07,5.1,0
3,1,70592.46,5.3,0
27,2,541026.68,7.5,68
4,2,16143.46,5.1,5
2,1,45900.39,5,6
2,1,1537,3.5,0
10,1,283521.75,6.5,2
8,2,46556.73,5.9,0
2,1,97718.77,5.3,8
9,1,203421.89,6.3,84
2,1,26873.79,4.7,0
3,1,39686.6,5.1,0
5,2,19146.28,5.3,0
4,1,997.265,3.6,0
3,1,158186.65,5.7,0
3,1,28619.3,4.9,0
3,1,44400.86,5.1,0
8,2,199739.2,6.5,2
2,1,54369.93,5,1
2,1,8447.57,4.2,4
18,1,34202.54,5.8,1
2,1,20431.89,4.6,1
17,1,48379.4,5.9,0
87,1,244738.52,7.3,2311
2,1,2149.31,3.6,0
7,2,185209.85,6.4,11
4,1,65214.93,5.4,7
6,2,128474.03,6.2,0
4,1,165619.86,5.8,300
8,1,75879.96,5.8,30
3,1,376693.59,6.1,60
65,1,62742.78,6.6,1
61,1,317648.25,7.3,50
34,1,1339873.49,7.7,364
19,2,63270.72,6.4,13
22,1,265450.29,6.8,42
4,2,267569.3,6.3,2
90,1,1990345.45,8.3,200
20,2,386426.39,7.2,86
24,2,958684.48,7.7,3
32,1,33825.92,6,1
6,1,384888.4,6.4,6
5,1,113068.3,5.8,4
6,1,325475.47,6.3,2
5,1,54842.44,5.4,4
6,1,59475.24,5.6,4
4,1,6230.53,4.4,5
6,1,49813.23,5.5,3
8,1,138439.98,6,7
30,1,119920.44,6.6,27
15,1,20737.67,5.5,35
15,1,28956.16,5.6,0
4,1,8840.19,4.5,11
3,1,771.954,3.4,2
3,1,20687.2,4.8,1
5,1,30591.2,5.2,3
3,1,24511.25,4.9,2
3,1,23913.56,4.9,15
7,1,307644.01,6.3,12
9,1,34475.16,5.5,23
5,1,30770.71,5.2,5
6,1,80644.64,5.7,32
6,1,15277.8,5,17
8,1,124671.45,6,63
6,1,47680.59,5.5,12
7,1,29185.99,5.3,12
6,2,17023.39,5.3,11
5,1,25206.39,5.1,30
8,1,25075,5.3,13
6,1,228334.99,6.1,50
5,1,11246.8,4.7,6
5,1,40014.04,5.3,26
4,1,16278.89,4.8,16
8,1,11247.23,5,4
3,1,21242.69,4.8,4
4,1,2934.8,4.1,8
5,1,109453.51,5.7,11
6,1,95826.62,5.8,26
10,1,70603.06,5.8,97
4,1,20184.73,4.9,48
18,1,233024.37,6.6,100
6,2,124210.68,6.2,19
21,1,27345.45,5.8,301
4,1,5933.05,4.4,5
4,1,127909.46,5.7,31
5,1,5802.05,4.5,16
24,1,28960.87,5.8,9
6,1,199029.73,6.1,5
3,1,1017.5,3.5,1
4,1,3052.89,4.1,4
5,1,10074.02,4.7,150
8,1,28999.54,5.4,40
5,1,73126.82,5.6,1
5,1,25292.41,5.1,56
4,1,4329.97,4.2,6
4,2,8488.23,4.8,12
4,1,8004.45,4.5,4
3,1,18484.68,4.7,3
3,1,21975.2,4.8,4
5,1,155894,5.9,3
15,2,144383.48,6.6,20
5,1,31963.65,5.2,13
5,1,58700.73,5.5,10
11,1,25838.25,5.5,2
66,1,183142.55,7.1,273
4,1,17109.34,4.8,2
10,1,332604.34,6.5,9
7,1,74261.33,5.7,19
5,1,183090.32,6,111
4,1,121878.82,5.7,40
14,2,174990.06,6.7,135
3,1,10763.25,4.5,35
3,1,12912.59,4.6,2
4,1,12361.43,4.7,29
7,1,26136.96,5.3,3
10,1,17008.77,5.2,6
7,1,31945.28,5.3,4
2,1,17287.47,4.5,5
4,2,365814.53,6.5,16
3,1,68464.63,5.3,4
3,1,13551.97,4.6,17
5,1,18316.69,5,18
16,1,25946.27,5.6,12
4,1,98253.71,5.6,16
6,1,488269.97,6.5,2
5,1,1208.77,3.8,4
9,1,717982.08,6.8,23
6,1,56749.17,5.5,3
3,1,9158.63,4.4,23
8,1,346997.05,6.4,81
3,2,73848.78,5.6,3
3,2,34742.28,5.3,6
5,1,62966.22,5.5,21
2,1,131573.32,5.4,10
6,1,97027.22,5.8,10
12,1,323808.14,6.6,38
4,1,1640.67,3.8,0
8,2,71613.68,6.1,33
11,2,34008.19,5.9,594
5,1,40357.57,5.3,29
5,1,72854.48,5.6,8
41,2,713804.88,7.8,2000
7,1,116574.14,5.9,0
8,1,465786.57,6.6,0
3,1,5122.89,4.2,2
11,1,140125.04,6.2,0
7,1,73534.35,5.7,400
4,1,22494.36,5,5
10,1,15921.29,5.2,28
2,1,83476.48,5.2,60
5,1,97067.58,5.7,12
3,1,71560.63,5.3,0
5,1,11299.62,4.8,10
14,1,43610.16,5.8,46
2,1,6428.1,4.1,30
23,2,276909.38,7.1,165
7,1,55174.38,5.6,345
3,1,65146.89,5.3,15
14,1,31968.99,5.7,46
5,1,224909.6,6.1,10
11,1,70639.57,5.9,100
3,1,659807.43,6.3,0
7,1,67369.75,5.7,56
9,1,19168.93,5.2,21
7,1,57530.65,5.6,200
7,1,6415.04,4.7,31
3,1,7779.06,4.4,11
3,2,1368.35,3.9,0
11,1,201818.75,6.3,24
6,1,34586.09,5.3,65
8,1,15184.9,5.1,5
7,1,10101.18,4.8,15
12,1,28274.91,5.5,6
37,2,8359.36,5.8,0
13,1,9613.73,5.1,100
38,2,34953.58,6.4,54
23,2,34986.66,6.2,48
3,1,4247.58,4.1,0
27,1,832682.35,7.4,287
2,1,4625.21,4,20
6,1,27158.42,5.2,0
7,1,10108.25,4.8,0
27,1,148922.15,6.6,61
35,2,282467.25,7.3,0
3,1,108575.22,5.5,2
5,1,65906.03,5.5,4
60,2,152482.11,7.3,9
16,2,179911.2,6.8,50
45,1,211803.7,7,78
5,1,3610.33,4.3,16
5,1,30332.64,5.2,0
1,1,7522.33,3.9,41
15,2,689139.65,7.3,40
7,2,146889.69,6.3,140
6,1,28272.06,5.2,25
32,2,156686.54,7,20
9,1,272684.55,6.4,10
3,1,73244.21,5.3,200
5,1,36920.87,5.3,3
6,1,26323.22,5.2,0
3,1,181898.2,5.7,0
4,1,23590.12,5,5
3,1,1123.04,3.5,0
7,1,6750.71,4.7,3
5,1,1037.99,3.7,18
13,1,37943.47,5.7,23
5,1,16758.37,4.9,5
2,1,5678.59,4.1,0
5,2,21445.46,5.3,2500
5,1,64924.17,5.5,0
5,1,69798.15,5.5,102
5,1,177527.02,5.9,326
3,1,11936.75,4.6,13
5,2,67013.98,5.8,5
5,1,272817.98,6.1,11
5,1,366782.14,6.3,0
26,1,116474.44,6.5,60
44,1,22610.8,6,162
5,2,24391.06,5.4,1
12,1,36474.36,5.6,38
3,1,5542.29,4.2,0
4,2,47106.25,5.6,0
2,1,9305.78,4.3,1
8,1,232589.88,6.3,46
9,1,11196.99,5,24
6,1,10691.5,4.8,0
8,1,7996.37,4.8,20
9,1,293737.99,6.4,34
6,2,202950.18,6.4,119
5,1,107541.26,5.7,17
37,1,100943.59,6.6,205
13,1,26913.05,5.5,20
8,2,84499.81,6.1,55
19,2,468886.77,7.3,0
3,1,4369.66,4.1,6
3,1,3515.87,4,85
5,1,2205.05,4,2
5,2,138167.33,6.1,266
25,1,524911.5,7.1,4
13,1,23203.29,5.5,89
7,1,17021.75,5.1,0
4,1,3253.22,4.1,61
15,1,69103.34,6,50
4,1,52912.34,5.3,10
4,2,53521.56,5.6,2
35,1,314300.03,7,29
25,1,171939.46,6.6,74
4,1,18255.11,4.9,0
15,1,128966.83,6.3,82
5,1,101579.27,5.7,25
6,1,10102.81,4.8,0
20,2,179130.94,6.9,0
5,1,614642.51,6.5,0
9,2,236745.24,6.6,43
13,1,59266.77,5.9,6
21,1,18336.02,5.6,0
21,1,328726.92,6.8,63
5,1,66764.81,5.5,17
13,2,233546.84,6.8,340
4,1,150091.92,5.8,0
2,1,4532.73,4,3
13,1,355425.81,6.7,40
5,1,868.65,3.6,4
5,1,190981.11,6,0
5,1,19293.18,5,7
8,1,63664.15,5.7,0
8,1,394867.84,6.5,3
5,2,9855.57,5,1
8,2,330397.97,6.7,4
8,1,101896.52,5.9,5
8,1,18676.74,5.2,53
15,1,226989.81,6.5,115
4,1,12428.48,4.7,0
13,1,592492.67,6.9,0
5,1,67734.3,5.5,20
5,1,121599.11,5.8,22
3,1,15779.11,4.7,0
17,1,264690.08,6.7,11
3,2,142941.34,5.9,87
11,2,582349.43,7.1,66
7,1,482618.13,6.5,7
5,2,1191.77,4.1,20
8,1,7452.35,4.8,9
5,1,5035.95,4.4,1
3,1,12621.22,4.6,0
4,1,2139.96,3.9,4
4,1,91482.85,5.6,4
12,1,280206.59,6.5,23
7,1,1270.17,3.9,0
7,2,18896.39,5.4,0
7,1,136058.51,6,35
3,1,31005.41,5,6
4,1,9872.23,4.6,0
7,1,4871.58,4.5,0
4,1,1173.87,3.7,10
15,1,1407835.69,7.3,100
11,2,186990.55,6.6,2
4,1,26828.55,5,18
4,1,10938.81,4.6,0
4,1,19778.42,4.9,18
15,1,2987.04,4.7,0
7,1,6966.61,4.7,12
9,2,31440.12,5.8,0
13,2,111709.95,6.5,2
4,1,20679.76,4.9,45
4,1,6308.13,4.4,20
5,2,14859.86,5.2,62
2,2,34495.3,5.1,5
9,1,209708.23,6.3,765
4,1,262803.2,6,94
31,1,14035.86,5.6,5
16,1,34849.1,5.7,0
8,1,224975.12,6.3,17
11,1,13740,5.2,1
35,2,11552.43,5.9,0
31,1,18117.44,5.7,0
4,1,5264.98,4.3,6
18,1,7275.47,5.1,100
39,1,26965.87,6,253
5,2,203495.71,6.3,19
19,1,10840.97,5.3,38
3,1,196526.71,5.8,10
2,1,11847.67,4.4,0
4,1,189621.17,5.9,150
18,1,61580.93,6,400
16,1,18228.56,5.5,8
7,1,308073.2,6.3,144
15,1,164736.49,6.4,50
15,1,47808.22,5.9,0
8,1,144865.22,6.1,0
31,1,517354.51,7.2,1
2,1,90343.29,5.3,3
3,1,62914.74,5.3,5
29,1,122975.43,6.6,153
8,1,102566.52,5.9,19
4,1,17072.03,4.8,4
29,2,50389.55,6.5,0
6,1,1275.56,3.9,0
8,1,72535.75,5.8,0
15,1,52119.24,5.9,0
9,1,168617.63,6.2,50
4,2,16375.35,5.1,3
4,1,9441.71,4.6,30
14,1,51662.9,5.9,20
4,1,6520.57,4.4,35
4,1,99919.02,5.6,43
20,1,762936.89,7.2,600
12,1,14893.78,5.3,180
9,1,23531.04,5.3,3
4,1,176800.72,5.8,8
3,1,8338.57,4.4,3
8,1,11109.46,4.9,5
4,1,33972.01,5.1,53
2,2,132475.8,5.7,166
8,1,42133.44,5.5,26
8,1,195893.72,6.2,44
4,1,19768.44,4.9,30
12,1,118253.11,6.2,4
20,1,158687.9,6.5,17
35,2,325414.55,7.4,123
101,2,444498.32,8,260
39,2,120709.21,7,68
3,1,9189.85,4.4,0
23,1,672265.35,7.2,600
19,1,15621.62,5.5,250
3,2,120779.51,5.9,22
8,1,184528.76,6.2,0
15,2,231371.29,6.8,65
1,1,50608.04,4.7,0
3,1,3634.99,4,3
11,1,8421.62,5,5
13,1,5183.65,4.8,0
3,1,56146.8,5.2,3
4,1,102906.11,5.6,17
37,1,71916.18,6.4,139
8,1,68353.34,5.7,105
11,1,80964.31,5.9,0
2,1,20147.72,4.6,40
14,2,162737.01,6.7,1
5,1,57984.4,5.5,4
4,1,29482,5.1,10
6,1,5076.78,4.5,4
4,1,31756.96,5.1,0
8,1,61217.96,5.7,41
93,2,1668229.65,8.5,1530
5,1,27548.59,5.1,1
23,1,472141.86,7,3
13,1,46605.13,5.8,55
7,1,19344.57,5.1,6
18,2,67450.15,6.4,27
7,1,24761.82,5.2,3
3,1,147607.47,5.6,9
3,1,15369.85,4.7,10
2,1,169667.47,5.5,40
6,2,303423.64,6.6,6
1,1,115668.65,5.1,2
13,1,196019.62,6.4,15
7,1,36217.05,5.4,0
9,2,990198.31,7.3,7
8,1,31143.95,5.4,20
8,1,49342.56,5.6,0
8,1,17901.32,5.2,27
15,1,296258.97,6.6,47
16,2,341156.99,7,30
11,2,27724.7,5.8,16
6,1,155950.18,6,7
3,1,91179.03,5.4,3
2,1,51452.21,5,0
3,1,23461.18,4.8,1
15,1,81499.15,6.1,11
5,1,51066.39,5.4,10
7,1,2677.27,4.3,40
6,1,38745.91,5.4,6
3,1,16608.05,4.7,30
6,1,20793.91,5.1,70
15,1,271235.05,6.6,13
7,1,20499.85,5.2,22
9,1,84994.35,5.9,2
9,1,11114.13,5,4
11,1,26426.95,5.5,400
8,1,83022.5,5.8,100
7,2,44072.06,5.8,593
4,1,19939.07,4.9,31
4,1,68725.08,5.4,21
10,2,90174.15,6.3,83
6,1,110657.58,5.8,230
4,1,36624.5,5.2,14
5,1,89229.9,5.6,40
2,1,13150.29,4.4,17
5,1,13653.63,4.8,12
5,1,12751.53,4.8,4
7,1,72987.24,5.7,19
5,1,45757.41,5.4,10
6,1,108181.19,5.8,32
6,1,4145.56,4.4,16
10,2,140070.73,6.4,13
5,1,271869.57,6.1,4
5,1,317262.41,6.2,142
6,1,11415.7,4.8,6
107,2,65261.15,7.1,407
2,1,30590.88,4.8,3
6,1,154649.2,6,0
6,1,5275.13,4.5,20
9,1,159977.18,6.2,10
8,1,44159.25,5.5,26
5,1,22406.24,5,5
7,1,163207.32,6.1,87
6,1,33681.92,5.3,47
6,1,17316.85,5,24
4,1,14450.04,4.8,9
5,1,39018.9,5.3,5
4,1,21306.15,4.9,18
4,2,206025.85,6.2,762
7,1,318187.81,6.3,26
4,1,19784.16,4.9,2
10,1,594752.97,6.8,27
3,1,16795.7,4.7,11
8,1,292130.64,6.4,53
5,1,3849.87,4.3,14
14,2,1094009.75,7.5,8
4,1,32565.85,5.1,20
10,2,27168.55,5.7,9
10,1,40128.47,5.6,6
5,1,18141.64,5,0
4,1,16588.35,4.8,10
6,1,124812.48,5.9,9
7,1,20898.85,5.2,4
12,1,22004.15,5.4,37
12,1,25394.77,5.5,2
22,2,1066165.02,7.7,128
6,2,2987.02,4.6,10
17,2,17601.27,5.8,21
6,1,12359.24,4.9,8
68,1,343251.55,7.4,333
8,1,183806.7,6.2,41
7,1,37086.97,5.4,0
3,1,155500.97,5.7,24
5,1,21185.79,5,12
10,1,52338.52,5.7,60
6,1,322784.51,6.3,4
15,1,167722.97,6.4,32
24,1,1981837.41,7.7,617
5,2,11393.12,5.1,2
6,1,13311.18,4.9,2
9,1,6360.08,4.8,1
21,2,1015419.65,7.6,719
5,1,27784.17,5.1,2
6,1,11309.84,4.8,6
2,1,3590.36,3.9,5
3,1,22905.3,4.8,2
4,1,3394.93,4.1,7
9,2,121675.06,6.3,70
3,1,165721.86,5.7,95
3,1,9570.23,4.5,11
5,1,22176.39,5,20
10,1,644301.28,6.8,6
9,1,463435.11,6.6,13
5,1,2275.44,4.1,16
14,1,36858.21,5.7,9
3,1,3809.42,4.1,9
5,1,179822.05,6,35
4,1,36275.49,5.2,12
6,1,72009.25,5.6,7
5,1,1822.72,4,5
4,1,26419.01,5,4
8,2,27660.41,5.6,17
5,1,6727.37,4.5,13
4,1,19421.63,4.9,5
21,1,609261.38,7.1,63
17,1,142993.47,6.4,200
3,1,4298.62,4.1,16
4,1,59036.58,5.4,2
5,1,65497.93,5.5,9
5,1,120854.33,5.8,13
11,1,10207.65,5.1,10
5,1,65599.48,5.5,31
5,1,44225.95,5.3,29
2,1,5379.22,4,0
2,1,9588.1,4.3,14
2,1,1266.81,3.4,6
2,1,4052.37,3.9,2
1,2,3180.52,3.8,2
5,1,4267.45,4.3,5
6,1,103827.06,5.8,23
11,2,261149.34,6.8,11
14,1,42416.31,5.8,41
3,1,1958.11,3.8,35
13,2,24712.98,5.8,0
4,1,14333.82,4.8,4
8,1,162327.61,6.1,0
9,1,12109.08,5,0
9,1,46913.01,5.6,353
12,1,7968.64,5,70
3,1,359.297,3,27
6,1,56411.85,5.5,11
2,1,988.946,3.3,3
5,1,19322.92,5,30
4,2,33628.03,5.4,5
5,1,40501.37,5.3,95
14,1,44228.12,5.8,5
3,1,1666.75,3.7,0
12,1,1016.71,4.1,2
4,1,6656.49,4.4,174
3,1,1692.24,3.7,4
2,1,39704.59,4.9,22
11,1,40595.2,5.6,35
3,1,5895.3,4.2,12
1,1,1178.39,3.1,5
11,2,29438.35,5.8,122
9,2,35873.11,5.8,57
13,2,4163.54,5,0
2,1,7202.07,4.2,0
2,1,13916.18,4.4,0
2,2,280.443,3,0
7,2,31766.69,5.6,0
17,2,51313.99,6.2,17
7,1,59969.85,5.6,50
1,1,31808.05,4.5,0
9,1,65928.48,5.8,232
3,1,882.229,3.4,35
1,1,6844.66,3.8,242
12,1,77049.91,6,152
2,1,2420.58,3.7,2
3,1,22339.48,4.8,0
2,2,579.318,3.4,0
4,1,11570.2,4.7,12
4,1,7160.8,4.5,5
6,1,30815.18,5.3,6
1,1,134855.86,5.1,0
20,1,112505.67,6.4,101
6,1,75801.79,5.7,90
19,1,85364.07,6.2,6
11,1,20754.86,5.4,73
13,2,122315.11,6.5,4
6,1,9596.62,4.8,41
21,2,56895.9,6.4,72
11,1,180415.06,6.3,0
29,1,118961.75,6.5,367
1,1,2738.14,3.4,2
37,2,531506.66,7.6,3083
3,1,147720.82,5.6,28
3,1,19660.56,4.8,5
61,2,444971.26,7.7,48
16,1,3547.11,4.8,0
3,1,168818.57,5.7,9
24,1,432773.2,7,132
5,1,23269.14,5.1,15
3,2,4408.82,4.4,8
37,1,444778.53,7.2,180
19,1,259045.68,6.7,238
5,1,7755.71,4.6,10
3,1,73170.21,5.3,20
11,1,13958.06,5.2,8
18,1,90683.94,6.2,0
10,1,213193.78,6.3,10
14,1,3211.86,4.7,8
5,1,247102.08,6.1,0
2,1,20198.33,4.6,0
7,1,72612.48,5.7,65
1,1,1261.76,3.1,21
6,1,3592.47,4.3,55
1,1,2470.84,3.4,77
1,1,5315.08,3.7,1
6,1,25231.12,5.2,2
12,1,7406.56,4.9,1
5,1,42112.47,5.3,54
6,1,61492.38,5.6,31
5,1,19196.74,5,54
5,1,23141.36,5.1,23
20,1,625231.64,7.1,500
2,2,42375.04,5.2,0
4,1,2044.83,3.9,0
15,1,24073.8,5.6,36
1,1,26875.51,4.4,16
4,1,103106.54,5.6,10
3,1,9803.68,4.5,21
3,2,140745.48,5.9,1
3,1,626123,6.3,14
6,1,15083.86,5,6
3,1,29673.6,4.9,0
4,1,25631.18,5,0
1,1,83.3733,1.9,3
1,1,25180.94,4.4,3
3,2,5619.46,4.5,7
6,1,1276.97,3.9,0
1,1,3332.49,3.5,0
3,1,56290.27,5.2,3
4,1,69558.74,5.4,49
2,1,12300,4.4,3
2,1,6763.03,4.1,0
13,1,14385.39,5.3,6
5,1,51510.22,5.4,55
11,1,135575.31,6.2,12
1,1,4076.56,3.6,2
2,1,24061.13,4.7,0
5,1,94598.52,5.7,7
1,1,23383.79,4.4,3
1,2,22746.16,4.7,38
2,1,42369.21,4.9,9
6,2,111333.72,6.1,0
5,1,87638.04,5.6,0
2,1,182383.3,5.6,2
70,2,552562.43,7.9,263
3,1,2901.55,3.9,3
11,2,873375.01,7.3,2750
12,1,72751.92,5.9,0
1,1,47999,4.7,3000
44,1,98559.77,6.6,70
1,1,12149.78,4.1,100
1,2,12878.07,4.4,2
5,1,166182.77,5.9,168
1,1,516.36,2.7,0
2,1,68137.19,5.1,20
9,1,741567.54,6.8,4
1,1,85944.59,4.9,3
7,1,33606.68,5.4,6
47,2,70409.78,6.8,45
6,1,7350.66,4.6,22
11,1,33971.7,5.6,0
1,2,23847.54,4.7,9
46,1,266253.43,7.1,0
34,1,518125.28,7.2,40
20,1,432937.01,6.9,111
4,1,6223.92,4.4,0
13,1,44021.23,5.8,16
2,1,74669.12,5.2,1
9,1,5256.53,4.7,20
1,1,15062.72,4.2,0
27,1,137573.26,6.6,94
11,1,28221.72,5.5,0
2,1,19184.31,4.6,0
9,1,16329.72,5.2,12
20,2,65829.37,6.4,96
4,2,12868.25,5,0
8,1,83463.78,5.8,0
7,1,33289.42,5.4,0
16,2,392988.45,7.1,228
1,1,21634.98,4.3,2
5,1,10794.16,4.7,3
2,1,35737.89,4.9,0
39,1,752428.66,7.5,90
1,1,38009.41,4.6,53
3,1,1232.76,3.6,0
51,1,491147.38,7.4,93
1,1,9486.89,4,0
2,1,4609.14,4,0
4,2,11670.56,5,14
11,1,16363.55,5.3,0
2,1,88075.01,5.2,0
2,1,83095.54,5.2,4
14,1,48118.75,5.8,7
4,2,71645.06,5.8,0
1,1,38445.83,4.6,0
3,1,1537.3,3.7,0
56,1,123588.99,6.8,200
3,1,7026.51,4.3,32
38,2,1370.59,5,5
3,1,14728.76,4.6,0
93,2,1347809.74,8.4,37
46,1,109522.16,6.7,22
73,2,1151219.32,8.2,105
49,1,542309.51,7.4,59
40,2,545359.27,7.6,248
1,2,386.605,2.9,0
1,1,53883.83,4.7,0
3,2,1311.44,3.9,0
2,1,204590.55,5.6,4
3,1,6381.18,4.3,1
23,2,40568.07,6.3,0
2,1,5773.78,4.1,0
3,1,7996.65,4.4,0
7,2,81542.93,6.1,200
4,2,192706,6.2,4
3,2,4604.18,4.4,8
5,2,90431.11,6,0
15,2,26219.81,5.9,15
12,1,1073672.43,7.1,41
9,1,12836.35,5.1,18
2,1,478328.71,6,50
1,1,18379.79,4.3,0
4,1,7913.47,4.5,20
3,1,397322.71,6.1,53
3,1,3770.84,4.1,0
2,1,8222.23,4.2,25
2,1,5882.58,4.1,1
4,2,23368.45,5.3,0
7,1,67098.99,5.7,11
6,1,10183.91,4.8,1
14,1,7420.85,5,15
7,1,92248.48,5.8,2
3,1,1319.59,3.6,3
4,1,1889.72,3.9,0
2,1,112.688,2.4,2
5,1,336721.66,6.2,22
2,1,3165.39,3.8,0
2,1,210359.75,5.6,4
3,1,54664.44,5.2,0
2,1,94625.19,5.3,12
6,1,599564.89,6.6,90
4,2,20704.7,5.2,6315
2,1,54778.89,5,43
3,1,52843.96,5.2,17
2,1,29059.21,4.8,0
6,1,10405.21,4.8,0
2,1,3488.91,3.8,6
2,1,49663.68,5,12
2,1,2443.02,3.7,0
4,1,141715.15,5.8,52
2,1,35831.37,4.9,0
4,1,52826.71,5.3,8
7,1,20794.19,5.2,55
2,1,91960.65,5.3,21
3,1,70880.61,5.3,0
7,1,63025.31,5.6,112
5,1,152031.79,5.9,9
2,1,400.017,2.9,0
4,1,12169.68,4.7,16
4,2,24977.94,5.3,0
14,1,170873.64,6.4,0
10,1,656950.53,6.8,12
9,1,55858.69,5.7,100
5,1,29698.24,5.2,99
2,1,30248.08,4.8,0
4,1,48316.14,5.3,0
5,1,42119.05,5.3,15
15,1,547679.02,6.9,88
5,1,151947.06,5.9,15
10,1,18428.54,5.3,5
2,1,104587.97,5.3,3
3,1,14207.43,4.6,1
3,1,32782.99,5,0
3,1,2578.11,3.9,0
4,1,554217.86,6.3,456
12,1,7441.14,5,800
2,1,4350.28,3.9,16
6,1,773084.42,6.7,0
3,2,55416.91,5.5,1
2,1,22908.02,4.7,4
5,2,65817.59,5.8,0
5,2,61648.74,5.8,10
6,1,13828.87,4.9,6
8,1,8785.54,4.8,46
3,1,60516.65,5.3,0
3,1,47249.13,5.2,500
2,1,40939.94,4.9,71
4,1,30956.14,5.1,38
2,1,54883.35,5,2
3,2,2395.44,4.2,1
12,1,508812.74,6.8,66
6,1,12142.14,4.9,16
5,1,21908,5,54
2,1,94812.45,5.3,8
5,1,366865.54,6.3,0
8,1,63858.75,5.7,16
6,1,17907.33,5,2
3,1,55046.84,5.2,17
3,1,36967.57,5,5
7,1,55550.83,5.6,25
19,1,61650.79,6.1,2
6,1,20388.52,5.1,4
14,1,128983.14,6.3,0
4,1,5762.82,4.4,2
2,1,3472.56,3.8,2
4,1,8038.12,4.5,15
4,1,14412.82,4.8,15
3,1,4038.82,4.1,0
17,1,134660.58,6.4,101
9,1,32703.63,5.5,0
18,1,589049.52,7,750
2,1,5701.98,4.1,0
2,1,15852.58,4.5,120
11,1,30042.91,5.5,0
3,2,19050.23,5.1,22
2,1,79582,5.2,39
2,1,78319.43,5.2,2
3,2,491361.5,6.5,72
3,1,88238.01,5.4,73
5,1,16501.33,4.9,57
5,1,42642.33,5.3,31
4,1,32284.54,5.1,17
8,1,24273.77,5.3,0
3,1,15994.5,4.7,0
3,1,7557.24,4.4,15
29,2,1682864.93,8,400
2,1,40174.86,4.9,42
18,1,17480.05,5.5,100
5,1,26042.82,5.1,13
5,1,22130.06,5,2
8,1,97554.86,5.9,0
12,1,21359.24,5.4,138000
5,1,119197.31,5.8,0
2,1,1787.55,3.6,0
5,1,32172.36,5.2,0
2,1,35452.31,4.9,1
3,1,31920.06,5,0
2,1,12331.21,4.4,8
2,1,3678.32,3.9,5
7,1,875.511,3.8,0
13,2,89512.55,6.4,20
5,1,210524.08,6,0
4,2,3061.89,4.4,500
26,1,624246.49,7.2,0
6,2,15086.27,5.3,0
21,1,225169.42,6.7,380
7,1,114114.99,5.9,14
10,2,448337.92,7,6
2,1,123231.59,5.4,13
23,1,25301.19,5.8,5
23,2,96489.97,6.6,6
4,1,177858.71,5.9,0
3,1,111346.2,5.5,20
4,1,47107.46,5.3,3
5,1,9706.02,4.7,0
5,1,21311.21,5,2
5,1,55710.21,5.4,176
6,1,23287.94,5.1,0
13,1,41826.15,5.7,9
2,1,118232.02,5.4,11
6,1,1757.83,4,0
3,1,147968.82,5.6,7
4,1,7031.29,4.4,0
4,1,1043.35,3.6,0
5,1,13576.31,4.8,44
2,1,9563.94,4.3,1
2,1,93839.75,5.3,10
4,1,5868.16,4.4,0
2,1,6236.17,4.1,17
4,1,41676.27,5.2,9
19,1,162369.52,6.5,11
17,1,82532.6,6.1,16
2,1,26545.49,4.7,1
3,1,76698.69,5.4,6
5,1,33263.26,5.2,14
5,1,20589.65,5,29
4,2,41286.99,5.5,45
4,2,169564.31,6.1,38
2,1,2786.73,3.7,33
6,1,36124.07,5.3,0
4,2,10436.15,4.9,114
4,1,96171.73,5.6,7
3,1,45800.49,5.1,5
6,1,167068.59,6,0
9,1,27685.6,5.4,42
3,1,14537.61,4.6,0
8,1,69902.34,5.7,66
2,1,57750.36,5.1,2
7,1,186161.6,6.1,50
21,1,457815,7,559
7,1,502367.64,6.5,0
2,1,284926.61,5.8,17
2,1,9575.42,4.3,0
2,1,256019.22,5.7,35
5,1,20288.6,5,0
2,1,5516.12,4,100
3,1,40657.7,5.1,0
7,1,292874.78,6.3,108
3,1,1995.61,3.8,27
8,1,31886.96,5.4,0
2,1,395.461,2.9,0
37,1,60685.89,6.4,5
55,1,23608.31,6.1,64
3,1,190865.32,5.8,0
3,2,431627.87,6.4,5
16,1,438797.07,6.8,72
2,1,33893.26,4.8,0
22,1,1100663.3,7.4,425
2,1,3421.54,3.8,5
5,1,37533.03,5.3,24
13,1,49249.02,5.8,23
19,1,13949.57,5.4,13
7,1,377866.61,6.4,86
6,1,71151.2,5.6,63
3,1,31630.43,5,1
5,1,340844.67,6.2,108
4,1,20697.04,4.9,48
3,1,3614.79,4,36
2,1,5167.77,4,26
6,2,53045.31,5.8,21
9,1,17085.63,5.2,20
28,1,206490.33,6.8,363
3,2,4890.14,4.5,0
1,2,70244.72,5.1,0
2,1,111058.71,5.3,5
2,1,128180.41,5.4,0
3,1,21727.03,4.8,4
4,1,267344.4,6,430
7,2,71505.23,6,14
10,1,32173.92,5.5,0
37,2,277912.44,7.3,13
4,1,65938.84,5.4,54
2,1,43455.7,4.9,7
11,2,971228.6,7.3,4
2,1,2800.81,3.7,22
29,2,777754.38,7.7,100
7,1,41632.68,5.5,50
2,1,90818.98,5.3,17
9,1,162225.07,6.2,15
3,1,3190.59,4,0
3,2,118150.21,5.9,17
4,1,132815.37,5.7,21
3,1,175659.27,5.7,18
3,1,9561.69,4.5,14
3,1,35634.96,5,3
6,1,28582.51,5.2,11
16,2,46967.96,6.2,47
7,1,23641.75,5.2,189
5,1,7561.74,4.6,0
13,1,127702.94,6.2,25
2,1,577.82,3.1,0
60,1,36790.78,6.3,0
3,2,86746.69,5.7,4
12,1,55379.93,5.8,33
32,1,15158.67,5.7,0
22,1,2339268.4,7.7,35
9,1,69915.08,5.8,1
3,1,1557.46,3.7,0
18,1,15519.2,5.4,4
5,1,3323.6,4.2,0
9,1,29030.07,5.4,0
8,1,44228.38,5.5,304
6,1,11863.89,4.9,30
8,1,102165.48,5.9,2
3,1,36937.57,5,17
4,1,18207.4,4.9,31
2,1,6299.03,4.1,2
5,1,5324.03,4.4,45
3,1,1321.63,3.6,2
4,1,6052.93,4.4,14
3,1,129476.87,5.6,7
3,1,72162.2,5.3,2
4,1,193153.57,5.9,12
6,1,17494.32,5,11
5,1,6396.38,4.5,16
25,1,15795.82,5.6,59
16,1,249826.1,6.6,22
11,1,35413.92,5.6,2
8,1,204979.38,6.2,7
4,1,10377.08,4.6,7
5,1,15897.07,4.9,2
4,1,31703.96,5.1,5
4,1,96594.98,5.6,6
3,1,56831.87,5.2,1
17,1,11889.5,5.3,0
4,1,15984.91,4.8,0
6,1,20682.86,5.1,112
5,1,98706.2,5.7,0
3,1,1331.75,3.6,0
2,1,53.2858,2,0
10,1,331514.36,6.5,53
4,1,54973.9,5.3,0
12,2,22856.05,5.7,17
7,1,9525.39,4.8,200
4,1,117989.21,5.7,2
7,1,10734.12,4.9,102
3,1,3532.47,4,8
5,1,5952.09,4.5,15
4,1,1067.67,3.6,21
10,1,215082.72,6.3,104
5,1,8033.38,4.6,160
5,1,15551.63,4.9,16
56,1,70236.67,6.6,3000
6,1,91479.4,5.7,29
37,2,112816.35,6.9,31
5,1,5881.9,4.5,131
18,1,4688.38,4.9,1
9,1,192272.12,6.2,63
10,1,905209.24,7,780
11,1,12533.33,5.1,24
6,1,85600.47,5.7,0
9,1,7716.69,4.8,3
12,1,8440.7,5,107
5,1,46659.18,5.4,26
8,1,207057.18,6.2,50
6,1,4308.44,4.4,14
14,1,19169.5,5.4,50
13,1,321489.7,6.6,814
21,1,178424.68,6.6,18
5,1,1005.64,3.7,1377
5,1,179799.43,6,36
5,1,4578.7,4.4,38
3,1,33665.94,5,2
10,1,1585.88,4.2,0
10,1,8667.86,4.9,28
5,1,21796.2,5,0
12,2,27545.85,5.8,33
3,1,10675.38,4.5,0
3,1,7980.02,4.4,9
16,1,122520.03,6.3,3
26,1,2734939.69,7.9,0
13,1,2734.99,4.6,315
8,1,3945.58,4.5,11
16,1,90099.34,6.2,84
4,1,320834.55,6.1,270
9,2,18573.04,5.5,140
3,1,8896.71,4.4,151
6,1,185647.99,6,6
13,1,3020.22,4.6,52
6,1,17356.28,5,9
11,2,154568.76,6.5,45
8,1,403770.26,6.5,34
5,1,51942.3,5.4,2
4,1,100390.64,5.6,1
17,1,10933.94,5.3,3
44,1,58565.18,6.4,53
10,1,2594.47,4.4,15
7,2,9168.51,5.1,6
7,1,18961.61,5.1,3
7,1,2956.89,4.3,60
6,1,2609.29,4.2,5
3,1,31247.12,5,7
5,1,124184.43,5.8,6
4,1,374.951,3.2,0
10,1,4548.61,4.7,8
2,1,25065.05,4.7,7
8,1,40946.6,5.5,72
15,1,35394.81,5.7,72
8,1,6647.77,4.7,0
20,1,3133.98,4.8,2
11,1,841.217,4,35
#N/A,#N/A,#N/A,0,#N/A
4,1,1308.86,3.7,0
7,1,18853.46,5.1,196
8,1,520.961,3.6,8
2,1,2093.53,3.6,2
3,1,7437.76,4.3,40
6,1,70725.27,5.6,0
15,1,14344.36,5.3,0
12,2,96668.4,6.4,386
2,1,22307.16,4.6,28
2,1,2650.68,3.7,5
5,1,10609.96,4.7,255
3,1,785.956,3.4,20
3,1,5371.99,4.2,0
2,1,2833.23,3.8,10
5,1,5343.55,4.4,181
8,1,62662.97,5.7,135
11,1,39063.06,5.6,100
2,1,369.133,2.9,0
11,1,102162.19,6.1,0
15,1,8884.3,5.1,0
1,1,716.771,2.9,10
2,1,605.213,3.1,23
13,1,7300.07,5,0
18,2,268528.55,7,731
7,1,100699.46,5.8,9
18,1,243171.61,6.6,19
2,1,27591.4,4.7,106
13,1,71964.13,6,7
9,2,105084.42,6.3,237
4,2,6517.48,4.7,7
10,2,47834.64,6,0
1,1,47419.16,4.7,0
5,1,12600.87,4.8,31
5,1,25819.64,5.1,17
2,2,88395.78,5.5,13
1,1,1307.63,3.1,4
8,1,158846.26,6.1,0
1,1,1149.7,3.1,25
7,2,50318.08,5.8,58
5,1,17910.11,5,50
18,1,562932.23,7,51
8,2,744049.31,7.1,0
8,1,33007.62,5.4,0
2,1,16810.04,4.5,0
2,1,2219.14,3.6,18
13,1,135871.39,6.2,11
1,1,1234.05,3.1,0
15,1,55984.41,5.9,5
24,1,626872.46,7.2,876
45,2,138855.34,7.1,0
10,1,153101.05,6.2,34
14,2,60618.09,6.2,53
8,1,145562.67,6.1,10
2,1,7256.16,4.2,163
8,1,12585.06,5,0
3,1,10351.47,4.5,0
4,2,11240.57,5,15
6,1,53818.07,5.5,10
2,1,12334.34,4.4,117
37,2,354132.25,7.4,91
1,1,36877.75,4.6,50
2,1,257907.18,5.7,0
3,1,94871.79,5.5,50
1,1,909.724,3,2
8,2,18767.02,5.5,264
1,1,48972.48,4.7,1
1,1,33131.16,4.5,54
30,1,9150.08,5.4,0
2,1,4324.25,3.9,12
2,1,1326.43,3.4,9
1,1,3410.01,3.5,16
19,1,220520.86,6.6,158
2,1,38455.36,4.9,66
14,1,76352.55,6,97
1,1,3681.84,3.6,4
2,1,2444.8,3.7,5
7,1,1801.07,4.1,6
1,1,30626.55,4.5,0
3,1,102657.48,5.5,0
3,1,1963.98,3.8,0
36,2,847737.26,7.8,233
2,1,1930.19,3.6,0
1,1,16418.94,4.2,0
50,1,98283.8,6.7,254
5,2,33856.49,5.5,65
12,1,14288.09,5.2,0
24,1,70501.83,6.2,34
15,1,26303.59,5.6,70
7,1,66355.79,5.7,8
1,1,229.14,2.4,16
2,1,9275.31,4.3,11
16,1,122607.82,6.3,0
6,1,3302.96,4.3,35
9,1,7183.6,4.8,3
8,1,34415.84,5.4,24
3,1,6755.29,4.3,5
20,1,42285.99,5.9,76
10,1,40595.03,5.6,125
10,1,40351.4,5.6,52
2,1,8184.5,4.2,3
31,1,89591.05,6.4,60
2,1,449.006,3,2
2,1,1390.79,3.4,8
3,2,18139.52,5,5
5,2,105533.51,6,6
4,1,11057.04,4.6,24
8,1,388455.26,6.5,18
1,1,5174.04,3.7,0
22,1,50999.8,6,24
2,1,7795.17,4.2,7
10,2,9181.28,5.3,290
4,1,2708.65,4,3
2,1,10489.39,4.3,4
7,1,10877.36,4.9,9
2,1,385.696,2.9,0
5,2,16161,5.2,3
6,1,45057.5,5.4,86
4,1,37572.82,5.2,16
3,1,4628.65,4.1,4
3,2,3705.48,4.3,49
3,2,12689.86,4.9,10
2,1,49936.77,5,8
7,1,64614.13,5.7,12
8,1,70305.34,5.8,36
2,1,2772.64,3.7,15
7,1,92666.52,5.8,300
2,1,12008.56,4.4,1
20,1,100391.13,6.3,0
3,1,19320.17,4.8,112
2,1,16384.78,4.5,51
64,2,240065.2,7.5,880
4,1,50247.17,5.3,147
9,1,9041.57,4.9,330
6,1,637522.36,6.6,2
1,2,999.46,3.3,9
10,1,4687.42,4.7,20
7,1,36283.59,5.4,47
3,1,19623.83,4.8,15
22,1,268071.03,6.8,56
2,2,11883.86,4.7,0
9,1,139927.17,6.1,40
4,1,7258.74,4.5,0
2,1,7875.83,4.2,10
5,2,36413.61,5.6,2
22,1,274128.55,6.8,178
4,1,13629.47,4.7,0
3,1,5029.69,4.2,3
9,1,23819.91,5.3,4
3,1,15796.42,4.7,100
10,2,39618.48,5.9,5
2,1,4713.87,4,31
3,1,4672.27,4.1,12
3,1,31908.09,5,300
3,2,19656.35,5.1,3
18,1,33921.64,5.8,110
10,1,29211.31,5.5,113
11,1,12805.09,5.1,20
3,2,7036.99,4.6,69
26,1,45555.43,6.1,2
22,1,224545.66,6.7,7
10,1,276038.24,6.4,29
3,1,49609.11,5.2,165
12,1,155503.4,6.3,200
4,2,26882,5.3,0
8,2,79414.6,6.1,93
3,1,1153.3,3.5,40
7,1,43476.34,5.5,0
2,1,24915.98,4.7,18
4,1,12622.37,4.7,20
18,2,107660.8,6.6,10
19,1,231516.28,6.6,49
11,2,49214.9,6,1
9,2,53960.13,6,6
5,1,14136.46,4.8,20
4,1,49574.37,5.3,3
2,1,983.076,3.3,3
4,1,3757.12,4.2,2
13,1,48840.56,5.8,0
8,1,107355.33,5.9,150
1,1,6562.47,3.8,1
4,1,16928.71,4.8,17
11,1,66087.74,5.9,0
61,1,599142.99,7.6,0
67,1,507167.44,7.5,258
11,1,116842.63,6.1,73
5,2,46913.5,5.7,0
21,1,199436.26,6.6,4
5,1,46621.61,5.4,103
2,2,6985.68,4.4,1
4,1,25821.21,5,1
4,1,27913.34,5,40
12,1,81780.3,6,94
12,1,26949.32,5.5,10
2,1,1700.14,3.5,8
3,1,27913.34,4.9,8
1,1,5256.42,3.7,3
2,1,28719.44,4.8,0
1,1,6447.33,3.8,3
4,2,83450.74,5.8,32
5,1,206210.86,6,26
3,1,155406.32,5.7,11
27,1,268467.88,6.9,2
10,1,4321.14,4.6,2
90,2,94944.29,7.2,0
16,2,88717.35,6.5,18
88,2,62629.39,7,30
6,1,1742.13,4,0
2,1,2796.82,3.7,0
3,1,293.167,2.9,0
4,1,19687.88,4.9,24
4,1,3961.15,4.2,7
9,2,57867.01,6,54
5,2,9355.65,5,0
2,1,89516.87,5.3,31
3,1,61286.27,5.3,3
3,2,46758.64,5.4,49
6,1,13914.12,4.9,18
19,1,29267.71,5.7,78
4,1,225143.84,6,1
3,1,7219.8,4.3,99
2,1,6466.71,4.1,0
3,1,74615.9,5.3,0
2,1,7757.79,4.2,12
33,2,89994.67,6.8,557
4,1,51410.52,5.3,0
9,1,24681.28,5.3,34
4,2,3235.32,4.4,0
6,1,13057.51,4.9,30
4,1,11098.52,4.6,26
2,1,79043.09,5.2,11
7,1,73968.61,5.7,4
10,1,49643.62,5.7,0
5,1,38002.65,5.3,147
3,1,92580.07,5.4,0
2,2,15151.05,4.8,12
4,1,146691.46,5.8,283
2,2,12487.89,4.7,3
2,2,17922.86,4.9,12
2,1,58279.12,5.1,3
2,1,2440.1,3.7,0
28,1,5663.46,5.2,15
45,2,994498.21,8,200
4,1,63577.12,5.4,0
13,1,117441.17,6.2,340
4,1,15243.93,4.8,0
2,1,24269.06,4.7,2
2,1,1927.64,3.6,3
2,1,6446.85,4.1,2
13,2,290679.68,6.9,275
5,1,254234.6,6.1,95
9,1,7768.19,4.8,98
2,2,9865.44,4.6,0
2,1,83470.44,5.2,6
20,2,8910.3,5.6,7
3,2,78653.41,5.7,25
12,2,458666.21,7,64
2,1,1423.92,3.5,2
2,1,116344.02,5.4,2
2,2,5123.72,4.3,0
9,1,300325.08,6.4,0
2,1,17192.76,4.5,1
16,2,1970402.21,7.8,32
2,1,16883.54,4.5,0
2,1,141508,5.5,0
2,1,26527.13,4.7,0
6,2,26266.14,5.5,4
4,1,69706.89,5.4,2
8,2,210527.96,6.5,7
5,1,77091.11,5.6,10
2,1,7871.37,4.2,4
13,1,1035.61,4.1,2
3,2,20082.21,5.1,19
15,1,16542.12,5.4,21
2,1,12846.03,4.4,43
19,2,678498.82,7.4,229
5,1,92615.67,5.7,26